FFEBRUARY 2020 MONTHLY RIDERSHIP REPORT,,,,,,,,,,,,,,,,,,,,,,,,,,,,,,,,,,,,,,,,
SERVICE,ROUTE,CITY,Avg Full Fare,Avg Exp Fare,Avg Reduced Fare,Avg Full Fare Pass,Avg Reduced Pass,Avg Monthly Pass,Avg Free,Avg Bikes,Avg W/C, Avg Daily Boardings, Total Boardings ,Daily Revenue Miles,Total Rev. Miles,Boardings Per Rev Mile,2/19 - Avg Daily,% Difference,,,,,,,,,,,,,,,,,,,,,,
WK,0,Phx,104,0,131,927,"2,273",231,126,93,31,"3,792","75,835","2,111.9","42,238.0",1.8," 3,970 ",-4.5%,,,,,,,,,,,,,,,,,,,,,,
WK,1,Phx,9,0,8,115,239,33,12,9,2,416,"8,357",557.9,"11,158.0",0.7, 484 ,-14.0%,,,,,,,,,,,,,,,,,,,,,,
WK,1,Tem,1,0,1,16,20,4,2,1,0,44,860,28.6,572.0,1.5, *November 2020 ,*November 2020,,,,,,,,,,,,,,,,,,,,,,
WK,3,Avo,21,0,11,62,86,12,9,8,1,201,"4,024",305.9,"6,118.0",0.7, 217 ,-7.4%,,,,,,,,,,,,,,,,,,,,,,
WK,3,Phx,222,0,171,"1,498","2,915",294,151,94,29,"5,251","105,034","1,999.1","39,981.2",2.6," 4,961 ",5.8%,,,,,,,,,,,,,,,,,,,,,,
WK,3,Tol,25,0,15,92,133,16,9,10,1,290,"5,780",216.1,"4,322.0",1.3, 274 ,5.8%,,,,,,,,,,,,,,,,,,,,,,
WK,7,Phx,166,0,142,"1,145","2,112",241,125,100,42,"3,931","78,606","2,736.0","54,720.0",1.4," 4,010 ",-2.0%,,,,,,,,,,,,,,,,,,,,,,
WK,8,Phx,50,0,60,473,"1,089",140,53,40,22,"1,865","37,300","1,333.1","26,662.0",1.4," 1,998 ",-6.7%,,,,,,,,,,,,,,,,,,,,,,
WK,10,Phx,18,0,20,118,318,37,22,9,5,533,"10,664",336.1,"6,722.0",1.6, 664 ,-19.7%,,,,,,,,,,,,,,,,,,,,,,
WK,12,Phx,38,0,37,304,703,70,61,25,8,"1,213","24,269",899.3,"17,986.0",1.3," 1,142 ",6.2%,,,,,,,,,,,,,,,,,,,,,,
WK,13,Phx,71,0,36,402,647,104,29,35,7,"1,289","25,776",997.7,"19,954.0",1.3," 1,320 ",-2.3%,,,,,,,,,,,,,,,,,,,,,,
WK,15,Phx,26,0,28,228,542,58,39,24,10,921,"18,421",530.4,"10,608.0",1.7, 916 ,0.5%,,,,,,,,,,,,,,,,,,,,,,
WK,16,Phx,150,0,132,996,"1,884",238,120,83,26,"3,520","70,401","2,257.1","45,142.0",1.6," 3,731 ",-5.7%,,,,,,,,,,,,,,,,,,,,,,
WK,17,Avo,17,0,10,36,36,7,6,6,1,112,"2,212",239.3,"4,786.0",0.5, 147 ,-23.8%,,,,,,,,,,,,,,,,,,,,,,
WK,17,Gdy,12,0,5,24,30,4,4,5,1,79,"1,586",179.4,"3,588.0",0.4, 103 ,-23.3%,,,,,,,,,,,,,,,,,,,,,,
WK,17,Phx,293,0,215,"1,422","3,000",280,187,100,26,"5,397","107,931","2,385.9","47,718.0",2.3," 6,231 ",-13.4%,,,,,,,,,,,,,,,,,,,,,,
WK,17,Sct,27,0,21,86,131,20,13,9,2,298,"5,973",273.3,"5,466.0",1.1, 322 ,-7.5%,,,,,,,,,,,,,,,,,,,,,,
WK,17,Tol,11,0,4,39,47,5,5,4,1,111,"2,227",85.2,"1,704.0",1.3, *November 2020 ,*November 2020,,,,,,,,,,,,,,,,,,,,,,
WK,19,Phx,279,0,262,"1,905","3,868",443,247,152,51,"7,004","140,080","3,351.7","67,034.6",2.1," 7,251 ",-3.4%,,,,,,,,,,,,,,,,,,,,,,
WK,27,Phx,157,0,114,918,"1,673",165,103,62,18,"3,130","62,596","1,864.8","37,296.0",1.7," 3,887 ",-19.5%,,,,,,,,,,,,,,,,,,,,,,
WK,28,Phx†,25,0,17,120,243,24,24,11,2,453,"9,048",549.0,"10,980.0",0.8, 199 ,127.6%,,,,,,,,,,,,,,,,,,,,,,
WK,29,Phx,342,0,353,"1,798","4,680",448,227,116,36,"7,848","156,929","2,820.8","56,416.0",2.8," 8,342 ",-5.9%,,,,,,,,,,,,,,,,,,,,,,
WK,29,Sct,32,0,32,105,155,21,11,8,2,356,"7,111",447.9,"8,957.9",0.8, 371 ,-4.0%,,,,,,,,,,,,,,,,,,,,,,
WK,30,Mes,55,0,42,286,543,40,43,37,5,"1,009","20,158","1,073.8","21,476.0",0.9," 1,074 ",-6.1%,,,,,,,,,,,,,,,,,,,,,,
WK,30,Phx,18,0,9,107,170,38,10,8,2,352,"7,004",493.1,"9,862.0",0.7, 378 ,-6.9%,,,,,,,,,,,,,,,,,,,,,,
WK,30,Tem,31,0,16,153,285,48,18,12,3,551,"11,008",453.3,"9,066.0",1.2, 569 ,-3.2%,,,,,,,,,,,,,,,,,,,,,,
WK,32,Phx,47,0,75,483,"1,271",90,55,31,13,"2,021","40,406","1,118.3","22,366.0",1.8," 2,151 ",-6.0%,,,,,,,,,,,,,,,,,,,,,,
WK,32,Tem,6,0,4,35,53,8,4,4,0,110,"2,203",72.7,"1,454.0",1.5, 80 ,37.5%,,,,,,,,,,,,,,,,,,,,,,
WK,35,Phx,261,0,310,"1,323","2,850",237,171,109,29,"5,152","103,037","2,727.0","54,540.0",1.9," 5,579 ",-7.7%,,,,,,,,,,,,,,,,,,,,,,
WK,39,Phx,17,0,17,64,97,21,6,6,1,222,"4,436",599.1,"11,982.0",0.4, 235 ,-5.5%,,,,,,,,,,,,,,,,,,,,,,
WK,40,Mes,66,0,56,336,732,45,39,73,15,"1,274","25,490","1,425.4","28,508.0",0.9," 1,601 ",-20.4%,,,,,,,,,,,,,,,,,,,,,,
WK,40,Tem,1,0,1,7,13,3,1,1,0,26,497,32.1,642.0,0.8, 35 ,-25.7%,,,,,,,,,,,,,,,,,,,,,,
WK,41,Avo,10,0,11,28,48,7,4,3,0,108,"2,175",40.1,802.0,2.7, 92 ,17.4%,,,,,,,,,,,,,,,,,,,,,,
WK,41,Phx,312,0,258,"1,674","3,667",328,215,122,45,"6,454","129,052","2,618.5","52,370.0",2.5," 5,987 ",7.8%,,,,,,,,,,,,,,,,,,,,,,
WK,41,Sct,22,0,14,78,115,16,10,9,2,255,"5,104",279.1,"5,582.0",0.9, 300 ,-15.0%,,,,,,,,,,,,,,,,,,,,,,
WK,43,Gln,36,0,31,148,326,35,14,7,2,590,"11,793",210.3,"4,206.0",2.8, *November 2020 ,*November 2020,,,,,,,,,,,,,,,,,,,,,,
WK,43,Phx,116,0,87,529,"1,033",93,54,39,7,"1,912","38,234","1,050.8","21,015.6",1.8," 2,314 ",-17.4%,,,,,,,,,,,,,,,,,,,,,,
WK,44,PaVa,4,0,1,26,13,8,1,2,0,53,"1,044",277.0,"5,540.0",0.2, 38 ,39.5%,,,,,,,,,,,,,,,,,,,,,,
WK,44,Phx,82,0,60,724,892,169,39,42,12,"1,966","39,316","1,242.6","24,852.0",1.6," 1,988 ",-1.1%,,,,,,,,,,,,,,,,,,,,,,
WK,45,Mes,61,0,42,254,504,35,37,24,8,933,"18,653","1,053.2","21,064.0",0.9," 1,138 ",-18.0%,,,,,,,,,,,,,,,,,,,,,,
WK,45,Phx,46,0,56,290,694,73,40,29,8,"1,199","23,983",762.4,"15,248.0",1.6," 1,246 ",-3.8%,,,,,,,,,,,,,,,,,,,,,,
WK,45,Tem,54,0,55,228,573,49,34,25,2,993,"19,859",524.6,"10,492.0",1.9," 1,006 ",-1.3%,,,,,,,,,,,,,,,,,,,,,,
WK,48,Phx,3,0,3,20,47,3,3,1,0,79,"1,558",77.9,"1,558.0",1.0, *November 2020 ,*November 2020,,,,,,,,,,,,,,,,,,,,,,
WK,48,Tem,25,0,15,189,278,39,18,9,1,564,"11,249",687.1,"13,742.0",0.8, 831 ,-32.1%,,,,,,,,,,,,,,,,,,,,,,
WK,50,Gln,18,0,18,71,140,13,11,6,2,271,"5,423",415.9,"8,318.0",0.7, *November 2020 ,*November 2020,,,,,,,,,,,,,,,,,,,,,,
WK,50,Phx,229,0,243,"1,392","3,293",298,147,108,33,"5,602","112,037","2,220.9","44,418.0",2.5," 5,691 ",-1.6%,,,,,,,,,,,,,,,,,,,,,,
WK,50,Sct,21,0,8,78,86,10,5,6,0,208,"4,168",110.8,"2,216.0",1.9, 232 ,-10.3%,,,,,,,,,,,,,,,,,,,,,,
WK,51,Gln,37,0,29,191,315,48,25,16,4,645,"12,897",533.4,"10,668.0",1.2, 634 ,1.7%,,,,,,,,,,,,,,,,,,,,,,
WK,51,GRIC,11,0,11,28,87,3,5,5,1,145,"2,872",261.5,"5,230.0",0.6, 176 ,-17.6%,,,,,,,,,,,,,,,,,,,,,,
WK,51,Phx,106,0,81,486,881,97,64,34,6,"1,715","34,316",918.1,"18,362.0",1.9," 1,688 ",1.6%,,,,,,,,,,,,,,,,,,,,,,
WK,52,Phx,32,0,37,159,474,41,33,15,4,776,"15,492",692.9,"13,858.0",1.1, 650 ,19.4%,,,,,,,,,,,,,,,,,,,,,,
WK,56,Chn,1,0,0,5,6,0,1,1,0,13,253,41.6,832.0,0.3, 13 ,0.0%,,,,,,,,,,,,,,,,,,,,,,
WK,56,Gua,7,0,4,23,66,7,9,2,1,116,"2,297",116.0,"2,320.0",1.0, 94 ,23.4%,,,,,,,,,,,,,,,,,,,,,,
WK,56,Phx,8,0,6,53,63,7,7,5,1,144,"2,871",154.1,"3,082.0",0.9, 136 ,5.9%,,,,,,,,,,,,,,,,,,,,,,
WK,56,Tem,39,0,31,428,696,75,57,33,4,"1,326","26,525",735.5,"14,710.0",1.8," 1,292 ",2.6%,,,,,,,,,,,,,,,,,,,,,,
WK,59,Gln,91,0,96,366,665,72,51,23,15,"1,341","26,826",756.5,"15,130.0",1.8," 1,222 ",9.7%,,,,,,,,,,,,,,,,,,,,,,
WK,59,Phx,40,0,44,191,486,36,36,15,4,833,"16,636",425.8,"8,516.0",2.0, 936 ,-11.0%,,,,,,,,,,,,,,,,,,,,,,
WK,60,Gln,26,0,25,130,302,28,24,13,4,535,"10,680",316.0,"6,320.0",1.7, 620 ,-13.7%,,,,,,,,,,,,,,,,,,,,,,
WK,60,Phx,60,0,66,378,856,72,54,31,11,"1,486","29,723",722.6,"14,452.0",2.1," 1,515 ",-1.9%,,,,,,,,,,,,,,,,,,,,,,
WK,61,Mes,122,0,122,501,933,84,84,52,8,"1,846","36,915","1,236.0","24,720.0",1.5," 1,863 ",-0.9%,,,,,,,,,,,,,,,,,,,,,,
WK,61,Phx,84,0,85,345,"1,006",86,73,38,10,"1,679","33,548","1,083.1","21,661.5",1.6," 1,570 ",6.9%,,,,,,,,,,,,,,,,,,,,,,
WK,61,Tem,52,0,57,293,579,54,40,24,5,"1,075","21,490",582.6,"11,652.0",1.8," 1,124 ",-4.4%,,,,,,,,,,,,,,,,,,,,,,
WK,62,Tem,35,0,26,157,430,50,24,14,2,722,"14,424",980.2,"19,604.0",0.7, 551 ,31.0%,,,,,,,,,,,,,,,,,,,,,,
WK,65,Tem,28,0,20,197,477,78,18,18,4,818,"16,337",586.8,"11,736.0",1.4, 889 ,-8.0%,,,,,,,,,,,,,,,,,,,,,,
WK,66,Chn,4,0,2,25,43,4,3,3,0,81,"1,616",153.9,"3,078.0",0.5, 87 ,-6.9%,,,,,,,,,,,,,,,,,,,,,,
WK,66,GRIC,4,0,2,16,53,3,3,3,1,81,"1,619",15.3,306.0,5.3, 81 ,0.0%,,,,,,,,,,,,,,,,,,,,,,
WK,66,Tem,31,0,22,217,495,57,32,21,7,854,"17,084",508.8,"10,176.0",1.7, 696 ,22.7%,,,,,,,,,,,,,,,,,,,,,,
WK,67,Gln,46,0,43,202,355,38,29,13,3,713,"14,249",525.1,"10,502.1",1.4, 886 ,-19.5%,,,,,,,,,,,,,,,,,,,,,,
WK,67,Peo,7,0,8,28,54,5,5,3,1,107,"2,125",96.6,"1,932.0",1.1, *November 2020 ,*November 2020,,,,,,,,,,,,,,,,,,,,,,
WK,67,Phx,60,0,77,220,479,45,36,18,2,917,"18,353",513.9,"10,278.0",1.8," 1,149 ",-20.2%,,,,,,,,,,,,,,,,,,,,,,
WK,70,Gln,93,0,92,358,650,73,54,39,7,"1,320","26,423",820.5,"16,410.0",1.6," 1,664 ",-20.7%,,,,,,,,,,,,,,,,,,,,,,
WK,70,Phx,160,0,167,"1,182","2,231",275,134,100,30,"4,149","82,970","1,966.0","39,320.0",2.1," 4,777 ",-13.1%,,,,,,,,,,,,,,,,,,,,,,
WK,72,Chn,18,0,11,80,125,21,8,13,1,263,"5,269",346.6,"6,932.0",0.8, 272 ,-3.3%,,,,,,,,,,,,,,,,,,,,,,
WK,72,Pava,2,0,1,10,20,2,1,1,0,36,716,271.7,"5,434.1",0.1, *November 2020 ,*November 2020,,,,,,,,,,,,,,,,,,,,,,
WK,72,Phx,20,0,7,92,91,12,7,7,1,229,"4,593",130.2,"2,603.8",1.8, *November 2020 ,*November 2020,,,,,,,,,,,,,,,,,,,,,,
WK,72,Sct,92,0,38,413,503,88,42,31,5,"1,176","23,540","1,137.8","22,756.0",1.0," 1,371 ",-14.2%,,,,,,,,,,,,,,,,,,,,,,
WK,72,Tem,84,0,48,492,973,133,52,50,10,"1,782","35,623","1,105.8","22,116.0",1.6," 1,668 ",6.8%,,,,,,,,,,,,,,,,,,,,,,
WK,75,Phx,51,0,55,218,434,39,36,17,3,833,"16,637",610.4,"12,208.0",1.4, 946 ,-11.9%,,,,,,,,,,,,,,,,,,,,,,
WK,77,Mes,4,0,5,19,46,8,3,2,0,85,"1,685",87.9,"1,758.0",1.0, 88 ,-3.4%,,,,,,,,,,,,,,,,,,,,,,
WK,77,Phx,71,0,140,274,853,114,78,27,5,"1,530","30,593","1,210.2","24,204.0",1.3," 1,877 ",-18.5%,,,,,,,,,,,,,,,,,,,,,,
WK,77,Tem,28,0,32,144,326,43,25,11,3,598,"11,994",389.0,"7,780.7",1.5, 728 ,-17.9%,,,,,,,,,,,,,,,,,,,,,,
WK,80,Gln,24,0,25,101,209,21,16,7,2,396,"7,920",146.0,"2,920.0",2.7, 383 ,3.4%,,,,,,,,,,,,,,,,,,,,,,
WK,80,PaVa,1,0,1,10,9,1,1,1,0,23,450,"1,042.6","20,852.0",0.0, 20 ,15.0%,,,,,,,,,,,,,,,,,,,,,,
WK,80,Phx,60,0,55,403,686,73,37,33,10,"1,314","26,280",29.5,590.1,44.5," 1,435 ",-8.4%,,,,,,,,,,,,,,,,,,,,,,
WK,80,Sct,17,0,7,90,100,15,5,8,2,234,"4,669",239.7,"4,794.5",1.0, 208 ,12.5%,,,,,,,,,,,,,,,,,,,,,,
WK,81,Chn,6,0,2,33,49,5,3,2,0,98,"1,956",161.4,"3,228.0",0.6, 137 ,-28.5%,,,,,,,,,,,,,,,,,,,,,,
WK,81,SRPIC,2,0,0,3,5,0,0,1,0,10,196,62.5,"1,250.0",0.2, *November 2020 ,*November 2020,,,,,,,,,,,,,,,,,,,,,,
WK,81,Sct,37,0,21,184,212,25,16,22,4,495,"9,894",725.5,"14,510.0",0.7, 500 ,-1.0%,,,,,,,,,,,,,,,,,,,,,,
WK,81,Tem,57,0,53,410,799,85,41,41,7,"1,445","28,915",886.0,"17,720.0",1.6," 1,507 ",-4.1%,,,,,,,,,,,,,,,,,,,,,,
WK,83,Gln,15,0,11,73,111,10,9,6,2,229,"4,574",274.9,"5,498.0",0.8, 223 ,2.7%,,,,,,,,,,,,,,,,,,,,,,
WK,83,Peo,23,0,16,76,116,8,10,10,2,249,"4,969",426.8,"8,536.0",0.6, 245 ,1.6%,,,,,,,,,,,,,,,,,,,,,,
WK,83,Phx,38,0,30,183,310,37,23,20,3,621,"12,413",427.7,"8,554.0",1.5, 617 ,0.6%,,,,,,,,,,,,,,,,,,,,,,
WK,90,Gln,18,0,19,138,214,32,14,8,2,435,"8,706",205.3,"4,106.0",2.1, 465 ,-6.5%,,,,,,,,,,,,,,,,,,,,,,
WK,90,Phx,132,0,106,750,"1,251",117,71,58,19,"2,427","48,530","1,280.6","25,611.9",1.9," 2,574 ",-5.7%,,,,,,,,,,,,,,,,,,,,,,
WK,96,Chn,19,0,11,103,148,24,13,11,2,318,"6,371",509.0,"10,180.0",0.6, 318 ,0.0%,,,,,,,,,,,,,,,,,,,,,,
WK,96,Mes,42,0,48,385,675,78,54,29,7,"1,282","25,617",538.0,"10,760.0",2.4," 1,327 ",-3.4%,,,,,,,,,,,,,,,,,,,,,,
WK,104,Chn,12,0,9,56,104,11,4,7,2,196,"3,929",388.1,"7,762.0",0.5, 200 ,-2.0%,,,,,,,,,,,,,,,,,,,,,,
WK,104,Mes,31,0,40,196,349,28,19,15,3,663,"13,243",413.0,"8,260.0",1.6, 629 ,5.4%,,,,,,,,,,,,,,,,,,,,,,
WK,106,Gln,19,0,12,92,142,20,10,9,3,295,"5,899",186.9,"3,738.0",1.6, 267 ,10.5%,,,,,,,,,,,,,,,,,,,,,,
WK,106,Peo,26,0,20,119,210,19,12,15,6,406,"8,123",256.8,"5,136.0",1.6, 333 ,21.9%,,,,,,,,,,,,,,,,,,,,,,
WK,106,Phx,64,0,68,441,676,66,49,30,18,"1,364","27,260",679.4,"13,588.0",2.0," 1,483 ",-8.0%,,,,,,,,,,,,,,,,,,,,,,
WK,106,Sun,4,0,2,21,32,4,3,4,2,66,"1,323",153.6,"3,071.7",0.4, 76 ,-13.2%,,,,,,,,,,,,,,,,,,,,,,
WK,106,You,1,0,0,2,6,0,1,0,0,10,209,22.1,441.3,0.5, *November 2020 ,*November 2020,,,,,,,,,,,,,,,,,,,,,,
WK,108,Chn,9,0,5,72,103,11,5,6,1,205,"4,062",257.9,"5,158.0",0.8, 234 ,-12.4%,,,,,,,,,,,,,,,,,,,,,,
WK,108,Gil,13,0,13,43,77,8,8,7,1,162,"3,217",629.1,"12,582.0",0.3, 176 ,-8.0%,,,,,,,,,,,,,,,,,,,,,,
WK,108,Mes,3,0,1,28,31,4,2,3,0,69,"1,393",109.3,"2,185.6",0.6, 49 ,40.8%,,,,,,,,,,,,,,,,,,,,,,
WK,108,Phx,11,0,6,63,81,7,7,4,1,175,"3,499",278.8,"5,576.0",0.6, 171 ,2.3%,,,,,,,,,,,,,,,,,,,,,,
WK,108,Tem,12,0,9,132,164,22,9,10,1,348,"6,961",392.8,"7,856.0",0.9, 339 ,2.7%,,,,,,,,,,,,,,,,,,,,,,
WK,112,Chn,38,0,47,172,411,33,28,23,2,729,"14,590",748.5,"14,970.0",1.0, 854 ,-14.6%,,,,,,,,,,,,,,,,,,,,,,
WK,112,Gil,2,0,1,17,46,4,2,2,0,72,"1,449",93.2,"1,863.5",0.8, 82 ,-12.2%,,,,,,,,,,,,,,,,,,,,,,
WK,112,Mes,59,0,71,597,"1,234",84,60,53,10,"2,105","42,106",653.7,"13,074.0",3.2," 2,117 ",-0.6%,,,,,,,,,,,,,,,,,,,,,,
WK,120,Mes,8,0,7,61,109,6,8,4,3,199,"3,950",214.1,"4,282.6",0.9, 279 ,-28.7%,,,,,,,,,,,,,,,,,,,,,,
WK,122,Gln,2,0,1,11,21,4,2,1,0,41,799,578.5,"11,570.0",0.1, *November 2020 ,*November 2020,,,,,,,,,,,,,,,,,,,,,,
WK,122,Phx,22,0,26,180,376,48,25,15,5,677,"13,534",41.2,824.0,16.4, 688 ,-1.6%,,,,,,,,,,,,,,,,,,,,,,
WK,128,Mes,13,0,16,114,200,15,14,9,6,372,"7,442",289.0,"5,780.0",1.3, 313 ,18.8%,,,,,,,,,,,,,,,,,,,,,,
WK,136,Chn,2,0,0,7,8,1,1,1,0,19,373,91.2,"1,824.0",0.2, 16 ,18.8%,,,,,,,,,,,,,,,,,,,,,,
WK,136,Gil,23,0,14,93,140,11,10,13,1,291,"5,814",378.4,"7,567.0",0.8, 258 ,12.8%,,,,,,,,,,,,,,,,,,,,,,
WK,136,Mes,33,0,28,178,306,26,24,21,3,595,"11,887",507.8,"10,156.0",1.2, 427 ,39.3%,,,,,,,,,,,,,,,,,,,,,,
WK,138,Gln,11,0,7,66,90,13,9,4,4,196,"3,913",127.0,"2,540.0",1.5, 229 ,-14.4%,,,,,,,,,,,,,,,,,,,,,,
WK,138,Peo,8,0,8,38,67,4,7,5,2,132,"2,625",133.6,"2,672.0",1.0, 206 ,-35.9%,,,,,,,,,,,,,,,,,,,,,,
WK,138,Phx,66,0,51,371,571,68,35,27,8,"1,162","23,258",222.2,"4,444.0",5.2," 1,343 ",-13.5%,,,,,,,,,,,,,,,,,,,,,,
WK,138,Sun,2,0,3,14,17,5,2,2,1,43,848,"1,223.9","24,478.0",0.0, *November 2020 ,*November 2020,,,,,,,,,,,,,,,,,,,,,,
WK,140,Chn,18,0,19,85,148,16,11,13,1,297,"5,939",586.4,"11,728.0",0.5, 352 ,-15.6%,,,,,,,,,,,,,,,,,,,,,,
WK,140,Gil†,2,0,0,8,12,0,2,1,0,24,483,62.2,"1,244.0",0.4, 187 ,-87.2%,,,,,,,,,,,,,,,,,,,,,,
WK,140,Phx†,2,0,2,9,14,1,1,1,0,29,585,30.6,612.0,0.9, 168 ,-82.7%,,,,,,,,,,,,,,,,,,,,,,
WK,140,Tem,1,0,2,3,9,1,1,0,0,17,327,24.9,498.0,0.7, 15 ,13.3%,,,,,,,,,,,,,,,,,,,,,,
WK,154,Phx,102,0,57,383,531,59,36,23,4,"1,168","23,361","1,209.5","24,190.4",1.0," 1,097 ",6.5%,,,,,,,,,,,,,,,,,,,,,,
WK,154,Sct,4,0,1,34,24,4,1,1,0,68,"1,357",118.2,"2,364.0",0.6, 74 ,-8.1%,,,,,,,,,,,,,,,,,,,,,,
WK,156,Chn,63,0,48,202,366,43,29,24,4,751,"15,011",692.6,"13,852.0",1.1, 783 ,-4.1%,,,,,,,,,,,,,,,,,,,,,,
WK,156,Gil,11,0,5,35,56,7,4,8,1,118,"2,342",661.2,"13,224.0",0.2, 144 ,-18.1%,,,,,,,,,,,,,,,,,,,,,,
WK,156,Mes,4,0,2,12,26,2,1,3,0,47,945,41.5,830.0,1.1, 57 ,-17.5%,,,,,,,,,,,,,,,,,,,,,,
WK,156,Phx,8,0,5,24,32,3,3,3,0,75,"1,502",34.5,690.0,2.2, 102 ,-26.5%,,,,,,,,,,,,,,,,,,,,,,
WK,170,Gln,20,0,9,124,145,11,8,10,2,317,"6,336",251.5,"5,030.0",1.3, 396 ,-19.9%,,,,,,,,,,,,,,,,,,,,,,
WK,170,Phx,202,0,114,802,"1,058",135,61,48,19,"2,372","47,412","1,170.1","23,402.0",2.0," 2,491 ",-4.8%,,,,,,,,,,,,,,,,,,,,,,
WK,170,Sct,24,0,8,81,61,13,3,7,1,190,"3,771",209.7,"4,194.0",0.9, 186 ,2.2%,,,,,,,,,,,,,,,,,,,,,,
WK,184,Gil,2,0,1,12,12,0,1,1,1,28,578,148.4,"2,968.0",0.2, 23 ,21.7%,,,,,,,,,,,,,,,,,,,,,,
WK,184,Mes,18,0,11,178,212,12,16,26,3,447,"8,934",852.9,"17,058.0",0.5, 404 ,10.6%,,,,,,,,,,,,,,,,,,,,,,
WK,186,Gln,8,0,6,34,37,8,3,4,1,96,"1,933",162.2,"3,244.0",0.6, 109 ,-11.9%,,,,,,,,,,,,,,,,,,,,,,
WK,186,Phx,63,0,57,313,353,66,24,26,5,876,"17,545","1,334.7","26,694.0",0.7," 1,004 ",-12.7%,,,,,,,,,,,,,,,,,,,,,,
WK,Grd Ave,Gln†,0,0,0,0,1,4,0,0,0,5,113,22.2,444.0,0.2, 8 ,-37.5%,,,,,,,,,,,,,,,,,,,,,,
WK,Grd Ave,Peo,0,0,0,2,1,8,0,0,0,11,228,9.1,182.0,1.2, 15 ,-26.7%,,,,,,,,,,,,,,,,,,,,,,
WK,Grd Ave,Phx,0,0,0,4,3,19,0,0,0,26,534,30.2,604.0,0.9, 22 ,18.2%,,,,,,,,,,,,,,,,,,,,,,
WK,400,Phx,0,13,0,82,17,503,4,2,0,619,"11,759",552.6,"11,052.0",23.8, 548 ,13.0%,,,,,,,,,,,,,,,,,,,,,,
WK,450,Phx,0,9,0,99,8,505,6,2,0,627,"11,917",594.6,"11,891.7",21.6, 613 ,2.3%,,,,,,,,,,,,,,,,,,,,,,
WK,451,Phx,0,1,0,7,0,61,1,0,0,70,"1,321",88.4,"1,768.0",7.0, 92 ,-23.9%,,,,,,,,,,,,,,,,,,,,,,
WK,452,Phx,0,2,0,5,1,26,1,0,0,35,681,89.9,"1,797.9",3.5, 46 ,-23.9%,,,,,,,,,,,,,,,,,,,,,,
WK,460,Phx,0,7,0,46,6,353,2,1,0,414,"7,846",303.2,"6,064.0",16.6, 463 ,-10.6%,,,,,,,,,,,,,,,,,,,,,,
WK,480,Phx,0,17,0,159,14,"1,078",7,4,1,"1,275","24,223","1,064.7","21,294.0",25.0," 1,128 ",13.0%,,,,,,,,,,,,,,,,,,,,,,
WK,514,FH†,0,0,0,0,0,1,1,0,0,2,46,24.9,498.4,0.5, 4 ,-50.0%,,,,,,,,,,,,,,,,,,,,,,
WK,514,Phx,0,2,0,1,1,21,0,0,0,25,463,56.3,"1,126.0",6.3, 30 ,-16.7%,,,,,,,,,,,,,,,,,,,,,,
WK,514,Sct,0,2,0,2,1,18,0,1,0,23,435,63.1,"1,261.4",5.8, 28 ,-17.9%,,,,,,,,,,,,,,,,,,,,,,
WK,520,Phx,0,1,0,1,2,14,0,0,0,18,342,42.3,846.0,4.5, 13 ,38.5%,,,,,,,,,,,,,,,,,,,,,,
WK,520,Tem†,0,3,0,2,12,19,1,0,1,37,693,35.5,710.0,9.3, 19 ,94.7%,,,,,,,,,,,,,,,,,,,,,,
WK,521,Phx,0,2,0,3,1,29,0,1,0,35,663,84.5,"1,690.0",4.4, 37 ,-5.4%,,,,,,,,,,,,,,,,,,,,,,
WK,521,Tem,0,1,0,3,1,26,0,1,0,31,588,59.4,"1,188.0",3.9, 38 ,-18.4%,,,,,,,,,,,,,,,,,,,,,,
WK,522,Phx,0,1,0,15,2,43,0,0,0,61,"1,147",102.8,"2,056.0",7.6, 66 ,-7.6%,,,,,,,,,,,,,,,,,,,,,,
WK,522,Tem,0,0,0,5,3,38,0,0,0,46,879,63.9,"1,278.0",5.8, 53 ,-13.2%,,,,,,,,,,,,,,,,,,,,,,
WK,531,Gil,0,1,0,10,1,59,0,1,0,71,"1,328",57.1,"1,142.9",5.9, 73 ,-2.7%,,,,,,,,,,,,,,,,,,,,,,
WK,531,Mes,0,0,0,6,0,44,0,0,0,50,966,75.2,"1,504.0",4.2, 51 ,-2.0%,,,,,,,,,,,,,,,,,,,,,,
WK,531,Phx,0,1,0,16,1,97,0,1,0,115,"2,194",176.9,"3,538.0",9.6, 118 ,-2.5%,,,,,,,,,,,,,,,,,,,,,,
WK,533,Mes,0,2,0,33,1,151,1,1,0,188,"3,574",176.9,"3,538.0",15.7, 224 ,-16.1%,,,,,,,,,,,,,,,,,,,,,,
WK,533,Phx,0,3,0,32,2,136,1,1,0,174,"3,295",169.7,"3,394.0",14.5, 202 ,-13.9%,,,,,,,,,,,,,,,,,,,,,,
WK,535,Mes,0,2,0,28,3,133,1,1,0,167,"3,173",165.6,"3,312.0",16.7, 163 ,2.5%,,,,,,,,,,,,,,,,,,,,,,
WK,535,Phx,0,2,0,27,4,125,0,0,0,158,"3,007",115.3,"2,306.0",15.8, 160 ,-1.3%,,,,,,,,,,,,,,,,,,,,,,
WK,541,Chn,0,0,0,3,0,18,0,1,0,21,404,40.1,802.0,2.6, 31 ,-32.3%,,,,,,,,,,,,,,,,,,,,,,
WK,541,Mes,0,1,0,8,1,44,0,0,0,54,"1,030",56.2,"1,124.0",6.8, 45 ,20.0%,,,,,,,,,,,,,,,,,,,,,,
WK,541,Phx,0,1,0,8,1,54,0,0,0,64,"1,231",116.5,"2,330.0",8.0, 72 ,-11.1%,,,,,,,,,,,,,,,,,,,,,,
WK,542,Chn,0,2,0,32,5,139,0,0,0,178,"3,361",189.1,"3,782.0",12.7, 219 ,-18.7%,,,,,,,,,,,,,,,,,,,,,,
WK,542,Phx,0,2,0,35,4,140,1,0,0,182,"3,480",254.6,"5,092.0",13.0, 218 ,-16.5%,,,,,,,,,,,,,,,,,,,,,,
WK,562,Gdy,0,1,0,13,2,81,0,0,0,97,"1,852",2.7,54.0,12.1, 65 ,49.2%,,,,,,,,,,,,,,,,,,,,,,
WK,562,Phx,0,1,0,14,2,84,0,0,0,101,"1,918",142.5,"2,850.0",12.6, 121 ,-16.5%,,,,,,,,,,,,,,,,,,,,,,
WK,563,Avo,0,1,0,6,1,42,0,0,0,50,953,37.5,750.0,6.3, 35 ,42.9%,,,,,,,,,,,,,,,,,,,,,,
WK,563,Buc†,0,1,0,7,4,39,0,0,0,51,964,8.5,169.8,6.4, 31 ,64.5%,,,,,,,,,,,,,,,,,,,,,,
WK,563,Phx,0,2,0,8,4,52,0,0,0,66,"1,279",126.1,"2,521.6",8.3, 93 ,-29.0%,,,,,,,,,,,,,,,,,,,,,,
WK,571,El Mi,0,1,0,6,1,15,0,0,0,23,437,35.8,715.2,2.9, 22 ,4.5%,,,,,,,,,,,,,,,,,,,,,,
WK,571,Phx,0,3,0,13,2,50,1,0,0,69,"1,291",154.8,"3,096.0",8.6, 57 ,21.1%,,,,,,,,,,,,,,,,,,,,,,
WK,571,Sur,0,2,0,9,1,46,1,0,0,59,"1,096",26.7,534.6,7.4, 59 ,0.0%,,,,,,,,,,,,,,,,,,,,,,
WK,573,Gln,0,1,0,8,1,55,0,0,0,65,"1,246",99.1,"1,982.0",8.1, 60 ,8.3%,,,,,,,,,,,,,,,,,,,,,,
WK,573,Phx,0,1,0,9,1,47,0,0,0,58,"1,086",161.7,"3,234.0",7.3, 71 ,-18.3%,,,,,,,,,,,,,,,,,,,,,,
WK,575,Gln,0,3,0,15,3,41,1,0,0,63,"1,192",34.2,684.0,10.5, 88 ,-28.4%,,,,,,,,,,,,,,,,,,,,,,
WK,575,Phx,0,1,0,7,0,23,0,0,0,31,597,121.3,"2,426.0",5.2, 23 ,34.8%,,,,,,,,,,,,,,,,,,,,,,
WK,Ajo/Gila Bend Connector,Rur,0,0,0,0,0,0,0,0,0,29,584,"1,180.9","23,618.0",0.0, 44 ,-34.1%,,,,,,,,,,,,,,,,,,,,,,
WK,ALEX,Phx,0,0,0,0,0,0,336,6,1,336,"6,714",492.4,"9,848.0",0.7, 319 ,5.3%,,,,,,,,,,,,,,,,,,,,,,
WK,BUZZ,Mes,0,0,0,0,0,0,521,14,6,521,"10,416",364.7,"7,294.0",1.4, 537 ,-3.0%,,,,,,,,,,,,,,,,,,,,,,
WK,68th St/Camelback RD,Sct,0,0,0,0,0,0,"1,490",35,6,"1,490","29,803","1,178.4","23,568.0",1.3," 1,300 ",14.6%,,,,,,,,,,,,,,,,,,,,,,
WK,DASH,Phx,0,0,0,0,0,0,"1,374",27,34,"1,374","27,474",227.9,"4,558.0",6.0," 1,281 ", -   ,,,,,,,,,,,,,,,,,,,,,,
WK,Downtown/Old Town Trolly,Sct,0,0,0,0,0,0,285,0,0,285,"5,709",134.7,"2,694.0",2.1, 246 ,15.9%,,,,,,,,,,,,,,,,,,,,,,
WK,EARTH,Tem,0,0,0,0,0,0,"1,282",43,2,"1,282","25,643","1,057.0","21,140.0",1.2," 1,328 ",-3.5%,,,,,,,,,,,,,,,,,,,,,,
WK,Flash Back,Tem,0,0,0,0,0,0,389,3,0,389,"7,774",402.1,"8,042.0",1.0, 689 ,-43.5%,,,,,,,,,,,,,,,,,,,,,,
WK,Flash Forward,Tem,0,0,0,0,0,0,451,2,0,451,"9,016",393.2,"7,864.0",1.1, 661 ,-31.8%,,,,,,,,,,,,,,,,,,,,,,
WK,GUS,Gln,0,0,0,0,0,0,413,4,9,413,"8,258",326.7,"6,533.8",1.3, 377 ,9.5%,,,,,,,,,,,,,,,,,,,,,,
WK,JUPITER,Tem,0,0,0,0,0,0,"1,708",35,5,"1,708","34,151","1,041.2","20,824.0",1.6," 1,711 ",-0.2%,,,,,,,,,,,,,,,,,,,,,,
WK,MARS,Tem,0,0,0,0,0,0,"1,766",46,1,"1,766","35,321",804.4,"16,087.2",2.2," 1,761 ",0.3%,,,,,,,,,,,,,,,,,,,,,,
WK,MARY,Phx,0,0,0,0,0,0,572,15,4,572,"11,449",829.2,"16,584.0",0.7, 637 ,-10.2%,,,,,,,,,,,,,,,,,,,,,,
WK,MERCURY,Tem,0,0,0,0,0,0,"2,259",40,3,"2,259","45,176",609.9,"12,197.7",3.7," 2,396 ",-5.7%,,,,,,,,,,,,,,,,,,,,,,
WK,Miller/Hayden Trolley,Sct,0,0,0,0,0,0,1002,27,3,"1,002","20,049",816.5,"16,330.0",1.2, 853 ,17.5%,,,,,,,,,,,,,,,,,,,,,,
WK,Mustang (MSTG),Sct,0,0,0,0,0,0,444,22,4,444,"8,882","1,091.7","21,833.4",0.4, 372 ,19.4%,,,,,,,,,,,,,,,,,,,,,,
WK,POGO,Peo,0,0,0,0,0,0,147,6,2,147,"2,936","1,030.0","20,600.0",0.1, *April 2020 ,*Apr 2020,,,,,,,,,,,,,,,,,,,,,,
WK,Saturn,Tem,0,0,0,0,0,0,434,12,1,434,"8,674",611.1,"12,221.7",0.7, 306 ,41.8%,,,,,,,,,,,,,,,,,,,,,,
WK,SMART,Phx,0,0,0,0,0,0,729,7,6,729,"14,577",732.5,"14,650.0",1.0, 625 ,16.6%,,,,,,,,,,,,,,,,,,,,,,
WK,VENUS,Tem,0,0,0,0,0,0,"1,339",22,2,"1,339","26,779","1,030.0","20,600.0",1.3," 1,388 ",-3.5%,,,,,,,,,,,,,,,,,,,,,,
WK,ZOOM ,Avo,0,0,0,0,0,0,0,4,4,415,"8,309","1,301.9","26,038.0",0.3, 648 ,-36.0%,,,,,,,,,,,,,,,,,,,,,,
WK,ZOOM ,Gdy†,0,0,0,0,0,0,0,3,3,191,"3,819",198.1,"3,961.3",1.0, 43 ,344.2%,,,,,,,,,,,,,,,,,,,,,,
WK,ZOOM ,Tol,0,0,0,0,0,0,0,3,1,173,"3,463",233.0,"4,660.0",0.7, 120 ,44.2%,,,,,,,,,,,,,,,,,,,,,,
WK,Valley Metro Rail,Mes,172,0,216,"2,938","3,828",534,785,0,0,"8,473","169,449","2,117.8","42,356.0",4.0," 6,815 ",24.3%,,,,,,,,,,,,,,,,,,,,,,
WK,Valley Metro Rail,Phx,774,0,610,"10,227","12,853","2,780","2,782",0,0,"30,026","600,524","6,080.5","121,610.0",4.9," 30,144 ",-0.4%,,,,,,,,,,,,,,,,,,,,,,
WK,Valley Metro Rail,Tem,372,0,304,"2,945","3,814","2,263",991,0,0,"10,689","213,783","2,027.9","40,558.0",5.3," 10,104 ",5.8%,,,,,,,,,,,,,,,,,,,,,,
SA,0,Phx,53,0,59,474,"1,049",80,69,56,18,"1,784","8,916","1,384.0","6,919.9",1.3," 1,878 ",-5.0%,,,,,,,,,,,,,,,,,,,,,,
SA,1,Phx,6,0,5,62,128,11,5,8,1,217,"1,080",591.9,"2,959.5",0.4, 186 ,16.7%,,,,,,,,,,,,,,,,,,,,,,
SA,1,Tem,0,0,0,5,10,2,1,2,0,18,88,30.3,151.5,0.6, *November 2020 ,*November 2020,,,,,,,,,,,,,,,,,,,,,,
SA,3,Avo,6,0,2,23,28,5,5,3,0,69,338,153.0,765.0,0.5, 75 ,-8.0%,,,,,,,,,,,,,,,,,,,,,,
SA,3,Phx,111,0,86,766,"1,372",109,125,47,22,"2,569","12,850","1,432.3","7,161.5",1.8," 2,543 ",1.0%,,,,,,,,,,,,,,,,,,,,,,
SA,3,Tol†,14,0,6,46,66,6,9,5,1,147,741,131.1,655.5,1.1, 87 ,69.0%,,,,,,,,,,,,,,,,,,,,,,
SA,7,Phx,110,0,76,609,"1,041",112,59,79,29,"2,007","10,031","2,359.1","11,795.5",0.9," 2,339 ",-14.2%,,,,,,,,,,,,,,,,,,,,,,
SA,8,Phx,45,0,38,314,703,85,56,40,23,"1,241","6,206","1,406.0","7,029.8",0.9," 1,261 ",-1.6%,,,,,,,,,,,,,,,,,,,,,,
SA,10,Phx,11,0,12,71,193,18,12,9,4,317,"1,588",352.5,"1,762.5",0.9, 428 ,-25.9%,,,,,,,,,,,,,,,,,,,,,,
SA,12,Phx,27,0,17,180,329,47,41,19,2,641,"3,203",943.2,"4,715.9",0.7, 709 ,-9.6%,,,,,,,,,,,,,,,,,,,,,,
SA,13,Phx,43,0,17,180,321,52,16,14,5,629,"3,142","1,046.4","5,232.0",0.6, 766 ,-17.9%,,,,,,,,,,,,,,,,,,,,,,
SA,15,Phx,22,0,24,159,348,32,33,16,11,618,"3,091",556.3,"2,781.5",1.1, 554 ,11.6%,,,,,,,,,,,,,,,,,,,,,,
SA,16,Phx,101,0,94,569,"1,086",123,101,65,23,"2,074","10,373","1,978.6","9,892.9",1.0," 1,970 ",5.3%,,,,,,,,,,,,,,,,,,,,,,
SA,17,Avo,12,0,7,25,29,4,5,3,1,82,414,111.7,558.5,0.7, 62 ,32.3%,,,,,,,,,,,,,,,,,,,,,,
SA,17,Gdy†,4,0,1,11,17,3,1,2,0,37,180,83.7,418.5,0.4, 24 ,54.2%,,,,,,,,,,,,,,,,,,,,,,
SA,17,Phx,180,0,130,824,"1,461",156,79,59,18,"2,830","14,151","1,535.6","7,678.0",1.8," 3,487 ",-18.8%,,,,,,,,,,,,,,,,,,,,,,
SA,17,Sct,15,0,8,50,74,8,6,6,1,161,803,168.7,843.5,1.0, 159 ,1.3%,,,,,,,,,,,,,,,,,,,,,,
SA,17,Tol,8,0,4,31,39,5,3,3,0,90,446,85.2,426.0,1.1, *November 2020 ,*November 2020,,,,,,,,,,,,,,,,,,,,,,
SA,19,Phx,187,0,157,"1,099","2,074",214,76,110,34,"3,807","19,038","2,248.3","11,241.5",1.7," 3,924 ",-3.0%,,,,,,,,,,,,,,,,,,,,,,
SA,27,Phx,170,0,87,649,"1,191",118,75,50,10,"2,290","11,448","1,971.4","9,857.0",1.2," 2,607 ",-12.2%,,,,,,,,,,,,,,,,,,,,,,
SA,28,Phx†,6,0,7,39,50,6,6,5,0,114,569,575.8,"2,879.0",0.2, 52 ,119.2%,,,,,,,,,,,,,,,,,,,,,,
SA,29,Phx,214,0,151,953,"2,030",213,120,66,20,"3,681","18,405","1,527.7","7,638.5",2.4," 3,776 ",-2.5%,,,,,,,,,,,,,,,,,,,,,,
SA,29,Sct,24,0,11,53,83,8,8,6,1,187,939,223.9,"1,119.5",0.8, 187 ,0.0%,,,,,,,,,,,,,,,,,,,,,,
SA,30,Mes,15,0,10,113,205,15,17,23,3,375,"1,877",536.2,"2,680.8",0.7, 443 ,-15.3%,,,,,,,,,,,,,,,,,,,,,,
SA,30,Phx,4,0,3,31,60,13,4,2,1,115,574,454.8,"2,274.0",0.3, 147 ,-21.8%,,,,,,,,,,,,,,,,,,,,,,
SA,30,Tem,13,0,6,71,126,13,10,5,1,239,"1,193",418.4,"2,092.0",0.6, 218 ,9.6%,,,,,,,,,,,,,,,,,,,,,,
SA,32,Phx,45,0,32,276,514,47,25,21,8,939,"4,697","1,126.0","5,630.0",0.8," 1,108 ",-15.3%,,,,,,,,,,,,,,,,,,,,,,
SA,32,Tem,8,0,1,24,39,4,1,2,0,77,391,77.1,385.5,1.0, 65 ,18.5%,,,,,,,,,,,,,,,,,,,,,,
SA,35,Phx,193,0,150,806,"1,567",129,196,79,28,"3,041","15,205","2,416.6","12,083.0",1.3," 3,603 ",-15.6%,,,,,,,,,,,,,,,,,,,,,,
SA,39,Phx,5,0,9,38,47,13,2,2,2,114,571,628.3,"3,141.5",0.2, 138 ,-17.4%,,,,,,,,,,,,,,,,,,,,,,
SA,40,Mes,47,0,37,225,545,30,53,54,13,937,"4,682",881.3,"4,406.5",1.1," 1,131 ",-17.2%,,,,,,,,,,,,,,,,,,,,,,
SA,40,Tem,0,0,0,5,11,1,1,1,0,18,85,30.7,153.5,0.6, 13 ,38.5%,,,,,,,,,,,,,,,,,,,,,,
SA,41,Avo†,5,0,2,10,22,3,2,2,1,44,224,45.4,227.0,1.0, 74 ,-40.5%,,,,,,,,,,,,,,,,,,,,,,
SA,41,Phx,184,0,139,870,"1,700",150,99,73,26,"3,142","15,713","1,657.4","8,287.0",1.9," 3,303 ",-4.9%,,,,,,,,,,,,,,,,,,,,,,
SA,41,Sct,11,0,5,35,60,6,2,5,1,119,603,180.9,904.5,0.7, 199 ,-40.2%,,,,,,,,,,,,,,,,,,,,,,
SA,43,Gln,21,0,15,79,162,17,10,6,2,304,"1,514",215.3,"1,076.5",1.4, *November 2020 ,*November 2020,,,,,,,,,,,,,,,,,,,,,,
SA,43,Phx,73,0,68,328,606,59,34,32,8,"1,168","5,836","1,086.7","5,433.5",1.1," 1,520 ",-23.2%,,,,,,,,,,,,,,,,,,,,,,
SA,44,PaVa†,1,0,1,26,11,10,1,2,0,50,248,293.0,"1,465.0",0.2, 33 ,51.5%,,,,,,,,,,,,,,,,,,,,,,
SA,44,Phx,57,0,44,523,648,119,52,41,11,"1,443","7,212","1,307.8","6,539.0",1.1," 1,482 ",-2.6%,,,,,,,,,,,,,,,,,,,,,,
SA,45,Mes,25,0,11,105,216,11,29,12,3,397,"1,989",495.6,"2,478.2",0.8, 541 ,-26.6%,,,,,,,,,,,,,,,,,,,,,,
SA,45,Phx,19,0,21,108,341,28,30,19,6,547,"2,734",601.5,"3,007.5",0.9, 653 ,-16.2%,,,,,,,,,,,,,,,,,,,,,,
SA,45,Tem,25,0,18,114,256,19,26,18,3,458,"2,294",396.9,"1,984.5",1.2, 454 ,0.9%,,,,,,,,,,,,,,,,,,,,,,
SA,48,Phx,1,0,2,13,33,2,1,1,0,52,262,77.9,389.5,0.7, *November 2020 ,*November 2020,,,,,,,,,,,,,,,,,,,,,,
SA,48,Tem,11,0,6,75,124,12,11,4,1,239,"1,187",687.1,"3,435.5",0.3, 352 ,-32.1%,,,,,,,,,,,,,,,,,,,,,,
SA,50,Gln,8,0,4,43,69,7,6,4,1,137,689,304.9,"1,524.5",0.4, *November 2020 ,*November 2020,,,,,,,,,,,,,,,,,,,,,,
SA,50,Phx,135,0,83,745,"1,430",148,79,69,20,"2,620","13,104","1,410.0","7,050.0",1.9," 3,145 ",-16.7%,,,,,,,,,,,,,,,,,,,,,,
SA,50,Sct,11,0,5,58,60,6,4,3,0,144,723,80.0,400.0,1.8, 109 ,32.1%,,,,,,,,,,,,,,,,,,,,,,
SA,51,Gln,28,0,17,108,176,25,10,13,3,364,"1,816",565.4,"2,827.0",0.6, 380 ,-4.2%,,,,,,,,,,,,,,,,,,,,,,
SA,51,GRIC,12,0,8,28,84,3,2,5,1,137,683,261.5,"1,307.5",0.5, 151 ,-9.3%,,,,,,,,,,,,,,,,,,,,,,
SA,51,Phx,76,0,43,292,515,48,24,26,3,998,"4,991",971.0,"4,855.0",1.0," 1,164 ",-14.3%,,,,,,,,,,,,,,,,,,,,,,
SA,52,Phx,12,0,11,50,166,18,6,9,1,263,"1,314",721.5,"3,607.5",0.4, 287 ,-8.4%,,,,,,,,,,,,,,,,,,,,,,
SA,56,Chn,0,0,0,3,4,0,0,0,0,7,42,41.0,205.0,0.2, 15 ,-53.3%,,,,,,,,,,,,,,,,,,,,,,
SA,56,Gua,6,0,4,13,39,3,1,1,1,66,335,87.7,438.5,0.8, 78 ,-15.4%,,,,,,,,,,,,,,,,,,,,,,
SA,56,Phx,5,0,1,31,30,6,2,2,0,75,371,151.7,758.5,0.5, 97 ,-22.7%,,,,,,,,,,,,,,,,,,,,,,
SA,56,Tem,37,0,17,233,457,38,15,15,4,797,"3,987",596.0,"2,980.0",1.3, 852 ,-6.5%,,,,,,,,,,,,,,,,,,,,,,
SA,59,Gln,32,0,22,176,299,25,31,9,5,585,"2,924",358.3,"1,791.5",1.6, 708 ,-17.4%,,,,,,,,,,,,,,,,,,,,,,
SA,59,Phx,26,0,16,104,214,14,14,8,4,388,"1,937",427.9,"2,139.5",0.9, 414 ,-6.3%,,,,,,,,,,,,,,,,,,,,,,
SA,60,Gln,16,0,11,72,143,12,16,9,1,270,"1,348",150.5,752.5,1.8, 364 ,-25.8%,,,,,,,,,,,,,,,,,,,,,,
SA,60,Phx,35,0,34,242,527,43,43,19,6,924,"4,619",757.8,"3,789.1",1.2," 1,092 ",-15.4%,,,,,,,,,,,,,,,,,,,,,,
SA,61,Mes,76,0,56,263,531,49,56,41,6,"1,031","5,161",869.0,"4,345.0",1.2," 1,233 ",-16.4%,,,,,,,,,,,,,,,,,,,,,,
SA,61,Phx,60,0,52,192,581,48,69,38,9,"1,002","5,008",880.7,"4,403.5",1.1," 1,094 ",-8.4%,,,,,,,,,,,,,,,,,,,,,,
SA,61,Tem,43,0,33,179,393,36,37,20,5,721,"3,611",430.4,"2,152.1",1.7, 669 ,7.8%,,,,,,,,,,,,,,,,,,,,,,
SA,62,Tem,29,0,17,131,221,26,20,14,2,444,"2,219",985.2,"4,926.0",0.5, 425 ,4.5%,,,,,,,,,,,,,,,,,,,,,,
SA,65,Tem,17,0,8,95,216,24,18,8,4,378,"1,892",345.2,"1,726.0",1.1, 294 ,28.6%,,,,,,,,,,,,,,,,,,,,,,
SA,66,Chn,3,0,1,13,14,1,3,1,0,35,167,91.0,455.0,0.4, 57 ,-38.6%,,,,,,,,,,,,,,,,,,,,,,
SA,66,GRIC,3,0,2,14,39,2,4,2,1,64,323,9.1,45.5,7.0, 90 ,-28.9%,,,,,,,,,,,,,,,,,,,,,,
SA,66,Tem,17,0,10,78,155,20,27,9,2,307,"1,534",303.5,"1,517.5",1.0, 461 ,-33.4%,,,,,,,,,,,,,,,,,,,,,,
SA,67,Gln,28,0,22,102,170,20,15,8,2,357,"1,781",240.9,"1,204.5",1.5, 239 ,49.4%,,,,,,,,,,,,,,,,,,,,,,
SA,67,Peo,5,0,4,16,29,1,2,3,1,57,280,45.3,226.4,1.3, *November 2020 ,*November 2020,,,,,,,,,,,,,,,,,,,,,,
SA,67,Phx,40,0,34,142,285,25,22,15,1,548,"2,746",539.0,"2,695.0",1.0, 507 ,8.1%,,,,,,,,,,,,,,,,,,,,,,
SA,70,Gln,32,0,35,163,277,23,31,14,2,561,"2,811",365.7,"1,828.7",1.5, 667 ,-15.9%,,,,,,,,,,,,,,,,,,,,,,
SA,70,Phx,70,0,67,588,"1,118",138,87,64,17,"2,068","10,341","1,616.1","8,080.5",1.3," 2,810 ",-26.4%,,,,,,,,,,,,,,,,,,,,,,
SA,72,Chn,13,0,5,64,105,12,6,5,1,205,"1,023",243.7,"1,218.5",0.8, 171 ,19.9%,,,,,,,,,,,,,,,,,,,,,,
SA,72,PaVa,1,0,0,5,18,1,1,1,0,26,132,201.1,"1,005.5",0.1, *November 2020 ,*November 2020,,,,,,,,,,,,,,,,,,,,,,
SA,72,Phx,13,0,3,85,70,8,7,2,0,186,931,96.2,481.0,1.9, *November 2020 ,*November 2020,,,,,,,,,,,,,,,,,,,,,,
SA,72,Sct,65,0,23,278,366,44,36,19,1,812,"4,055",833.9,"4,169.5",1.0," 1,017 ",-20.2%,,,,,,,,,,,,,,,,,,,,,,
SA,72,Tem,56,0,24,301,522,52,37,27,4,992,"4,965",819.0,"4,095.0",1.2," 1,007 ",-1.5%,,,,,,,,,,,,,,,,,,,,,,
SA,75,Phx,31,0,23,96,177,15,15,11,2,357,"1,778",632.4,"3,161.9",0.6, 339 ,5.3%,,,,,,,,,,,,,,,,,,,,,,
SA,77,Mes,2,0,0,11,22,3,1,1,0,39,192,86.1,430.5,0.5, 71 ,-45.1%,,,,,,,,,,,,,,,,,,,,,,
SA,77,Phx,43,0,57,202,612,75,61,28,6,"1,050","5,258","1,212.6","6,062.8",0.9," 1,040 ",1.0%,,,,,,,,,,,,,,,,,,,,,,
SA,77,Tem,27,0,27,133,314,30,24,14,3,555,"2,778",383.2,"1,916.0",1.4, 467 ,18.8%,,,,,,,,,,,,,,,,,,,,,,
SA,80,Gln,11,0,10,46,84,7,8,4,1,166,828,65.4,327.0,2.5, 201 ,-17.4%,,,,,,,,,,,,,,,,,,,,,,
SA,80,PaVa,1,0,0,5,9,1,0,0,0,16,76,"1,102.9","5,514.5",0.0, 23 ,-30.4%,,,,,,,,,,,,,,,,,,,,,,
SA,80,Phx,41,0,32,248,415,45,26,19,4,807,"4,032",31.7,158.5,25.5, 993 ,-18.7%,,,,,,,,,,,,,,,,,,,,,,
SA,80,Sct,9,0,2,50,65,9,4,5,1,139,695,203.6,"1,017.8",0.7, 165 ,-15.8%,,,,,,,,,,,,,,,,,,,,,,
SA,81,Chn,3,0,2,15,27,2,3,1,0,52,259,76.4,382.0,0.7, 55 ,-5.5%,,,,,,,,,,,,,,,,,,,,,,
SA,81,SRPIC,1,0,0,0,2,0,0,0,0,3,23,58.9,294.7,0.1, *November 2020 ,*November 2020,,,,,,,,,,,,,,,,,,,,,,
SA,81,Sct,31,0,11,118,147,10,21,16,3,338,"1,691",675.1,"3,375.5",0.5, 336 ,0.6%,,,,,,,,,,,,,,,,,,,,,,
SA,81,Tem,35,0,23,245,439,31,48,29,4,821,"4,105",717.5,"3,587.5",1.1, 923 ,-11.1%,,,,,,,,,,,,,,,,,,,,,,
SA,83,Gln,6,0,7,38,54,4,4,7,2,113,568,133.5,667.5,0.8, 208 ,-45.7%,,,,,,,,,,,,,,,,,,,,,,
SA,83,Peo,10,0,5,29,40,2,2,6,1,88,444,207.3,"1,036.5",0.4, 127 ,-30.7%,,,,,,,,,,,,,,,,,,,,,,
SA,83,Phx,19,0,13,85,128,11,16,9,1,272,"1,366",448.5,"2,242.5",0.6, 463 ,-41.3%,,,,,,,,,,,,,,,,,,,,,,
SA,90,Gln,8,0,9,50,112,11,11,6,1,201,"1,006",96.2,481.0,2.1, 253 ,-20.6%,,,,,,,,,,,,,,,,,,,,,,
SA,90,Phx,91,0,64,492,837,79,66,58,14,"1,629","8,147","1,339.0","6,695.0",1.2," 1,650 ",-1.3%,,,,,,,,,,,,,,,,,,,,,,
SA,96,Chn†,6,0,7,34,45,8,7,4,0,107,532,238.4,"1,192.0",0.4, 247 ,-56.7%,,,,,,,,,,,,,,,,,,,,,,
SA,96,Mes,33,0,31,220,459,46,32,13,3,821,"4,099",418.3,"2,091.5",2.0," 1,218 ",-32.6%,,,,,,,,,,,,,,,,,,,,,,
SA,104,Mes†,6,0,10,76,143,11,17,7,1,263,"1,313",260.1,"1,300.6",1.0, 165 ,59.4%,,,,,,,,,,,,,,,,,,,,,,
SA,106,Gln,12,0,7,40,69,5,6,6,1,139,695,89.0,445.0,1.6, 149 ,-6.7%,,,,,,,,,,,,,,,,,,,,,,
SA,106,Peo,13,0,8,41,65,7,8,3,3,142,715,121.2,606.0,1.2, 158 ,-10.1%,,,,,,,,,,,,,,,,,,,,,,
SA,106,Phx,66,0,42,334,551,40,47,24,14,"1,080","5,408",712.6,"3,562.9",1.5," 1,238 ",-12.8%,,,,,,,,,,,,,,,,,,,,,,
SA,108,Chn†,2,0,1,16,21,2,0,3,0,42,208,116.5,582.5,0.4, 93 ,-54.8%,,,,,,,,,,,,,,,,,,,,,,
SA,108,Gil,3,0,2,12,25,2,2,6,1,46,228,284.1,"1,420.5",0.2, 71 ,-35.2%,,,,,,,,,,,,,,,,,,,,,,
SA,108,Mes†,3,0,0,12,17,3,1,3,1,36,184,38.9,194.5,0.9, 24 ,50.0%,,,,,,,,,,,,,,,,,,,,,,
SA,108,Phx,3,0,2,21,32,4,2,2,0,64,318,271.5,"1,357.5",0.2, 109 ,-41.3%,,,,,,,,,,,,,,,,,,,,,,
SA,108,Tem,3,0,2,25,51,5,3,3,0,89,440,210.1,"1,050.5",0.4, 119 ,-25.2%,,,,,,,,,,,,,,,,,,,,,,
SA,112,Chn,24,0,16,105,243,17,11,15,1,416,"2,072",408.2,"2,041.1",1.0, 510 ,-18.4%,,,,,,,,,,,,,,,,,,,,,,
SA,112,Gil,1,0,1,8,24,3,1,0,0,38,189,48.9,244.5,0.8, 36 ,5.6%,,,,,,,,,,,,,,,,,,,,,,
SA,112,Mes,40,0,37,315,671,52,26,32,8,"1,141","5,701",414.6,"2,073.0",2.8," 1,354 ",-15.7%,,,,,,,,,,,,,,,,,,,,,,
SA,120,Mes,5,0,5,41,87,4,8,4,2,150,748,109.6,547.8,1.4, 115 ,30.4%,,,,,,,,,,,,,,,,,,,,,,
SA,122,Gln,2,0,1,7,18,1,1,0,0,30,142,606.7,"3,033.5",0.0, *November 2020 ,*November 2020,,,,,,,,,,,,,,,,,,,,,,
SA,122,Phx,18,0,19,145,298,31,19,6,3,530,"2,646",43.2,216.0,12.3, 615 ,-13.8%,,,,,,,,,,,,,,,,,,,,,,
SA,128,Mes,9,0,8,45,76,7,3,3,1,148,733,155.3,776.6,1.0, 126 ,17.5%,,,,,,,,,,,,,,,,,,,,,,
SA,136,Chn†,0,0,0,2,75,0,2,0,0,79,393,70.7,353.5,1.1, 8 ,887.5%,,,,,,,,,,,,,,,,,,,,,,
SA,136,Gil†,10,0,5,43,154,4,6,5,0,222,"1,107",273.0,"1,365.0",0.8, 121 ,83.5%,,,,,,,,,,,,,,,,,,,,,,
SA,136,Mes†,20,0,10,96,271,12,17,13,0,426,"2,131",403.2,"2,016.0",1.1, 164 ,159.8%,,,,,,,,,,,,,,,,,,,,,,
SA,138,Gln,6,0,3,20,30,5,2,2,1,66,327,57.7,288.5,1.1, 85 ,-22.4%,,,,,,,,,,,,,,,,,,,,,,
SA,138,Peo†,3,0,2,10,19,2,1,2,1,37,185,60.7,303.5,0.6, 79 ,-53.2%,,,,,,,,,,,,,,,,,,,,,,
SA,138,Phx,45,0,34,292,378,51,17,21,6,817,"4,086",101.0,505.0,8.1, 896 ,-8.8%,,,,,,,,,,,,,,,,,,,,,,
SA,138,Sun,2,0,2,6,9,3,1,3,0,23,113,"1,263.5","6,317.5",0.0, *November 2020 ,*November 2020,,,,,,,,,,,,,,,,,,,,,,
SA,140,Chn,13,0,13,49,78,5,7,9,1,165,826,513.1,"2,565.5",0.3, 167 ,-1.2%,,,,,,,,,,,,,,,,,,,,,,
SA,140,Gil,1,0,0,2,4,0,1,1,0,8,40,54.4,272.0,0.1, 9 ,-11.1%,,,,,,,,,,,,,,,,,,,,,,
SA,140,Phx,1,0,1,4,10,1,2,1,0,19,99,26.8,134.0,0.7, 18 ,5.6%,,,,,,,,,,,,,,,,,,,,,,
SA,140,Tem,0,0,1,3,4,1,0,0,0,9,45,21.8,109.0,0.4, 7 ,28.6%,,,,,,,,,,,,,,,,,,,,,,
SA,154,Phx,75,0,43,272,374,37,31,17,2,832,"4,161","1,263.6","6,318.0",0.7, 780 ,6.7%,,,,,,,,,,,,,,,,,,,,,,
SA,154,Sct,2,0,1,15,19,1,4,3,0,42,216,55.6,278.0,0.8, 61 ,-31.1%,,,,,,,,,,,,,,,,,,,,,,
SA,156,Chn,34,0,25,120,223,23,16,18,3,441,"2,209",587.7,"2,938.5",0.8, 480 ,-8.1%,,,,,,,,,,,,,,,,,,,,,,
SA,156,Gil,6,0,4,22,32,3,3,6,1,70,356,551.1,"2,755.5",0.1, 73 , -   ,,,,,,,,,,,,,,,,,,,,,,
SA,156,Mes,1,0,1,4,6,1,2,1,0,15,73,34.7,173.3,0.4, 20 ,-25.0%,,,,,,,,,,,,,,,,,,,,,,
SA,156,Phx,5,0,3,12,21,2,1,2,1,44,216,29.3,146.5,1.5, 44 ,0.0%,,,,,,,,,,,,,,,,,,,,,,
SA,170,Gln,12,0,8,79,93,5,12,5,1,209,"1,046",108.8,544.0,1.9, 280 ,-25.4%,,,,,,,,,,,,,,,,,,,,,,
SA,170,Phx,174,0,81,615,758,87,65,42,13,"1,780","8,898","1,226.2","6,131.0",1.5," 1,881 ",-5.4%,,,,,,,,,,,,,,,,,,,,,,
SA,170,Sct,15,0,6,51,41,9,3,4,1,125,624,181.8,909.0,0.7, 135 ,-7.4%,,,,,,,,,,,,,,,,,,,,,,
SA,184,Gil†,1,0,1,8,7,0,1,0,0,18,89,69.8,349.0,0.3, 10 ,80.0%,,,,,,,,,,,,,,,,,,,,,,
SA,184,Mes,14,0,8,92,121,5,7,16,1,247,"1,237",401.4,"2,007.0",0.6, 165 ,49.7%,,,,,,,,,,,,,,,,,,,,,,
SA,186,Gln,7,0,2,18,24,4,5,3,0,60,298,147.4,737.0,0.4, 73 ,-17.8%,,,,,,,,,,,,,,,,,,,,,,
SA,186,Phx,38,0,22,186,231,29,27,22,2,533,"2,664","1,399.8","6,999.0",0.4, 468 ,13.9%,,,,,,,,,,,,,,,,,,,,,,
SA,Ajo/Gila Bend Connector,Rur,0,0,0,0,0,0,0,0,0,31,157,436.1,"2,180.5",0.1, 26 ,19.2%,,,,,,,,,,,,,,,,,,,,,,
SA,ALEX,Phx,0,0,0,0,0,0,93,0,0,93,464,260.0,"1,300.0",0.4, 91 ,2.2%,,,,,,,,,,,,,,,,,,,,,,
SA,BUZZ,Mes,0,0,0,0,0,0,145,6,4,145,723,"1,022.2","5,111.0",0.1, 177 ,-18.1%,,,,,,,,,,,,,,,,,,,,,,
SA,68th St/Camelback RD,Sct,0,0,0,0,0,0,802,141,25,802,"4,010",154.3,771.5,5.2, 714 ,12.3%,,,,,,,,,,,,,,,,,,,,,,
SA,Downtown/Old Town Trolly,Sct,0,0,0,0,0,0,262,0,0,262,"1,311",886.3,673.5,0.3, 227 ,15.4%,,,,,,,,,,,,,,,,,,,,,,
SA,EARTH,Tem,0,0,0,0,0,0,777,27,4,777,"3,884",918.8,"4,431.5",0.8, 879 ,-11.6%,,,,,,,,,,,,,,,,,,,,,,
SA,GUS,Gln,0,0,0,0,0,0,261,4,5,261,"1,306",141.2,"4,594.0",1.8, 268 ,-2.6%,,,,,,,,,,,,,,,,,,,,,,
SA,JUPITER,Tem,0,0,0,0,0,0,837,24,5,837,"4,187",985.0,706.0,0.8, 855 ,-2.1%,,,,,,,,,,,,,,,,,,,,,,
SA,MARS,Tem,0,0,0,0,0,0,747,21,2,747,"3,737",710.2,"4,925.1",1.1, 747 ,0.0%,,,,,,,,,,,,,,,,,,,,,,
SA,MARY,Phx,0,0,0,0,0,0,326,11,2,326,"1,631",721.9,"3,551.0",0.5, 453 ,-28.0%,,,,,,,,,,,,,,,,,,,,,,
SA,MERCURY,Tem,0,0,0,0,0,0,820,16,1,820,"4,100",501.0,"3,609.5",1.6, 798 ,2.8%,,,,,,,,,,,,,,,,,,,,,,
SA,Miller/Hayden Trolley,Sct,0,0,0,0,0,0,596,17,1,596,"2,979",521.8,"2,505.0",1.1, 456 ,30.7%,,,,,,,,,,,,,,,,,,,,,,
SA,Mustang (MSTG),Sct,0,0,0,0,0,0,323,17,4,323,"1,615",134.7,"2,609.0",2.4, 272 ,36.7%,,,,,,,,,,,,,,,,,,,,,,
SA,SATURN,Tem,0,0,0,0,0,0,209,7,2,209,"1,044",239.5,"1,197.5",0.9, 179 ,16.8%,,,,,,,,,,,,,,,,,,,,,,
SA,SMART,Phx,0,0,0,0,0,0,377,5,3,377,"1,885",568.9,"2,844.5",0.7, 354 ,6.5%,,,,,,,,,,,,,,,,,,,,,,
SA,VENUS,Tem,0,0,0,0,0,0,668,14,0,668,"3,342",641.0,"3,205.0",1.0, 582 ,14.8%,,,,,,,,,,,,,,,,,,,,,,
SA,ZOOM,Avo,0,0,0,0,0,0,0,4,2,218,"1,091","1,041.5","5,207.5",0.2, 351 ,-37.9%,,,,,,,,,,,,,,,,,,,,,,
SA,ZOOM,Gdy†,0,0,0,0,0,0,0,3,1,116,578,158.5,792.5,0.7, 23 ,404.3%,,,,,,,,,,,,,,,,,,,,,,
SA,ZOOM,Tol†,0,0,0,0,0,0,0,3,1,92,459,186.4,932.0,0.5, 62 ,48.4%,,,,,,,,,,,,,,,,,,,,,,
SA,Valley Metro Rail,Mes,133,0,167,"2,269","2,957",412,606,0,0,"6,544","32,718","1,988.2","9,941.0",3.3," 5,687 ",15.1%,,,,,,,,,,,,,,,,,,,,,,
SA,Valley Metro Rail,Phx,575,0,453,"7,592","9,541","2,064","2,063",0,0,"22,288","111,447","5,708.2","28,541.0",3.9," 22,611 ",-1.4%,,,,,,,,,,,,,,,,,,,,,,
SA,Valley Metro Rail,Tem,239,0,196,"1,894","2,452","1,455",637,0,0,"6,873","34,361","1,903.7","9,518.5",3.6," 6,542 ",5.1%,,,,,,,,,,,,,,,,,,,,,,
SU,0,Phx,63,0,48,335,846,71,48,42,13,"1,411","5,646","1,193.3","4,773.1",1.2," 1,350 ",4.5%,,,,,,,,,,,,,,,,,,,,,,
SU,1,Phx,6,0,3,48,108,12,6,8,1,183,725,510.3,"2,041.2",0.4, 333 ,-45.0%,,,,,,,,,,,,,,,,,,,,,,
SU,1,Tem,0,0,0,6,4,2,1,0,0,13,51,26.1,104.4,0.5, *November 2020 ,*November 2020,,,,,,,,,,,,,,,,,,,,,,
SU,3,Phx,79,0,61,594,"1,146",96,71,40,11,"2,047","8,189","1,236.1","4,944.4",1.7," 1,889 ",8.4%,,,,,,,,,,,,,,,,,,,,,,
SU,3,Tol,4,0,3,21,32,5,4,3,0,69,271,37.1,148.4,1.9, *November 2020 ,*November 2020,,,,,,,,,,,,,,,,,,,,,,
SU,7,Phx,82,0,57,440,833,102,68,55,21,"1,582","6,330","2,036.0","8,144.0",0.8," 1,603 ",-1.3%,,,,,,,,,,,,,,,,,,,,,,
SU,8,Phx,24,0,32,221,504,59,30,29,7,870,"3,472","1,213.2","4,852.8",0.7, 935 ,-7.0%,,,,,,,,,,,,,,,,,,,,,,
SU,10,Phx,15,0,10,63,158,16,12,4,2,274,"1,096",303.3,"1,213.2",0.9, 280 ,-2.1%,,,,,,,,,,,,,,,,,,,,,,
SU,12,Phx,21,0,10,126,260,34,15,16,5,466,"1,860",811.6,"3,246.4",0.6, 556 ,-16.2%,,,,,,,,,,,,,,,,,,,,,,
SU,13,Phx,42,0,19,186,313,53,17,19,4,630,"2,517",900.4,"3,601.6",0.7, 581 ,8.4%,,,,,,,,,,,,,,,,,,,,,,
SU,15,Phx,16,0,20,130,274,23,13,11,7,476,"1,895",478.7,"1,914.8",1.0, 427 ,11.5%,,,,,,,,,,,,,,,,,,,,,,
SU,16,Phx,72,0,71,409,702,96,53,44,15,"1,403","5,609","1,703.9","6,815.6",0.8," 1,554 ",-9.7%,,,,,,,,,,,,,,,,,,,,,,
SU,17,Phx,191,0,132,696,"1,435",154,108,59,21,"2,716","10,862","1,337.5","5,350.0",2.0," 2,345 ",15.8%,,,,,,,,,,,,,,,,,,,,,,
SU,17,Sct,13,0,10,46,69,6,6,6,0,150,595,168.7,674.8,0.9, 211 ,-28.9%,,,,,,,,,,,,,,,,,,,,,,
SU,17,Tol,14,0,6,34,43,5,6,7,1,108,428,73.3,293.2,1.5, *November 2020 ,*November 2020,,,,,,,,,,,,,,,,,,,,,,
SU,19,Phx,173,0,133,856,"1,666",182,111,77,32,"3,121","12,477","1,941.4","7,765.6",1.6," 2,813 ",10.9%,,,,,,,,,,,,,,,,,,,,,,
SU,27,Phx,129,0,82,499,912,90,69,43,17,"1,781","7,123","1,702.6","6,810.3",1.0," 1,841 ",-3.3%,,,,,,,,,,,,,,,,,,,,,,
SU,28,Phx†,5,0,4,33,50,7,4,3,0,103,412,495.5,"1,982.0",0.2, 65 ,58.5%,,,,,,,,,,,,,,,,,,,,,,
SU,29,Phx,180,0,131,807,"1,560",173,128,63,22,"2,979","11,911","1,320.2","5,280.8",2.3," 2,842 ",4.8%,,,,,,,,,,,,,,,,,,,,,,
SU,29,Sct,13,0,7,47,68,6,7,4,1,148,592,223.9,895.6,0.7, 143 ,4%,,,,,,,,,,,,,,,,,,,,,,
SU,30,Phx,2,0,2,17,31,5,3,3,1,60,236,201.3,805.2,0.3, 59 ,1.7%,,,,,,,,,,,,,,,,,,,,,,
SU,30,Tem,7,0,1,22,53,7,7,1,1,97,383,170.2,680.8,0.6, 107 ,-9.3%,,,,,,,,,,,,,,,,,,,,,,
SU,32,Phx,40,0,34,254,467,53,41,19,9,889,"3,552",970.7,"3,882.8",0.9, 801 ,11.0%,,,,,,,,,,,,,,,,,,,,,,
SU,32,Tem,2,0,1,17,23,3,4,2,0,50,201,66.5,266.0,0.8, 73 ,-31.5%,,,,,,,,,,,,,,,,,,,,,,
SU,35,Phx,145,0,132,659,"1,227",95,110,73,20,"2,368","9,472","2,087.3","8,349.2",1.1," 2,517 ",-5.9%,,,,,,,,,,,,,,,,,,,,,,
SU,39,Phx,9,0,5,31,52,9,4,6,2,110,436,540.6,"2,162.4",0.2, 94 ,17.0%,,,,,,,,,,,,,,,,,,,,,,
SU,40,Mes,57,0,49,203,471,31,42,70,12,853,"3,406",881.3,"3,525.2",1.0, 962 ,-11.3%,,,,,,,,,,,,,,,,,,,,,,
SU,40,Tem,0,0,0,4,10,0,1,1,0,15,63,30.7,122.8,0.5, 11 ,36.4%,,,,,,,,,,,,,,,,,,,,,,
SU,41,Avo,11,0,10,36,64,8,3,6,0,132,524,39.1,156.4,3.4, *November 2020 ,*November 2020,,,,,,,,,,,,,,,,,,,,,,
SU,41,Phx,142,0,107,591,"1,207",117,99,61,20,"2,263","9,047","1,434.4","5,737.6",1.6," 2,788 ",-18.8%,,,,,,,,,,,,,,,,,,,,,,
SU,41,Sct,10,0,6,28,40,4,5,1,2,93,370,180.9,723.6,0.5, 129 ,-27.9%,,,,,,,,,,,,,,,,,,,,,,
SU,43,Gln,21,0,16,61,121,13,10,9,1,242,969,185.3,741.2,1.3, *November 2020 ,*November 2020,,,,,,,,,,,,,,,,,,,,,,
SU,43,Phx,82,0,63,266,456,48,53,30,8,968,"3,867",937.1,"3,748.4",1.0," 1,155 ",-16.2%,,,,,,,,,,,,,,,,,,,,,,
SU,44,PaVa,3,0,0,24,8,10,1,2,0,46,184,252.5,"1,010.0",0.2, 31 ,48.4%,,,,,,,,,,,,,,,,,,,,,,
SU,44,Phx,58,0,28,450,529,101,33,31,5,"1,199","4,788","1,126.6","4,506.4",1.1," 1,135 ",5.6%,,,,,,,,,,,,,,,,,,,,,,
SU,45,Phx,17,0,15,84,290,24,20,10,6,450,"1,796",517.6,"2,070.4",0.9, 467 ,-3.6%,,,,,,,,,,,,,,,,,,,,,,
SU,45,Tem,16,0,12,84,173,15,14,8,2,314,"1,253",336.0,"1,344.0",0.9, 317 ,-0.9%,,,,,,,,,,,,,,,,,,,,,,
SU,48,Phx,2,0,2,9,22,1,2,2,0,38,150,71.9,287.6,0.5, *November 2020 ,*November 2020,,,,,,,,,,,,,,,,,,,,,,
SU,48,Tem,10,0,6,59,94,9,6,6,2,184,732,624.6,"2,498.4",0.3, 282 ,-34.8%,,,,,,,,,,,,,,,,,,,,,,
SU,50,Gln,7,0,5,18,46,5,3,3,3,84,334,263.3,"1,053.3",0.3, *November 2020 ,*November 2020,,,,,,,,,,,,,,,,,,,,,,
SU,50,Phx,114,0,77,510,"1,102",120,77,47,20,"2,000","8,000","1,236.3","4,945.2",1.6," 2,176 ",-8.1%,,,,,,,,,,,,,,,,,,,,,,
SU,50,Sct,8,0,4,44,56,9,5,3,1,126,499,77.5,310.0,1.6, 108 ,16.7%,,,,,,,,,,,,,,,,,,,,,,
SU,51,Gln,23,0,12,76,112,29,4,8,1,256,"1,021",487.3,"1,949.2",0.5, 263 ,-2.7%,,,,,,,,,,,,,,,,,,,,,,
SU,51,GRIC,11,0,9,21,86,5,5,4,2,137,548,261.5,"1,046.0",0.5, 159 ,-13.8%,,,,,,,,,,,,,,,,,,,,,,
SU,51,Phx,51,0,40,222,401,42,18,18,5,774,"3,093",849.2,"3,396.8",0.9, 760 ,1.8%,,,,,,,,,,,,,,,,,,,,,,
SU,52,Phx†,11,0,18,63,179,13,13,8,1,297,"1,180",620.8,"2,483.2",0.5, 180 ,65.0%,,,,,,,,,,,,,,,,,,,,,,
SU,56,Chn,1,0,0,3,2,0,0,0,0,6,25,36.2,144.9,0.2, 9 ,-33.0%,,,,,,,,,,,,,,,,,,,,,,
SU,56,Gua,3,0,2,7,27,1,4,1,0,44,174,77.5,310.0,0.6, 47 ,-6.4%,,,,,,,,,,,,,,,,,,,,,,
SU,56,Phx,3,0,1,23,25,6,7,3,0,65,259,149.6,598.4,0.4, 98 ,-33.7%,,,,,,,,,,,,,,,,,,,,,,
SU,56,Tem,18,0,13,150,290,20,23,20,1,514,"2,052",528.9,"2,115.6",1.0, 601 ,-14.5%,,,,,,,,,,,,,,,,,,,,,,
SU,59,Gln,26,0,16,102,187,23,13,10,3,367,"1,471",358.3,"1,433.2",1.0, 391 ,-6.1%,,,,,,,,,,,,,,,,,,,,,,
SU,59,Phx,20,0,17,81,168,16,16,9,3,318,"1,270",368.2,"1,472.8",0.9, 296 ,7.4%,,,,,,,,,,,,,,,,,,,,,,
SU,60,Gln,12,0,17,55,125,12,8,7,2,229,909,150.5,602.0,1.5, 282 ,-18.8%,,,,,,,,,,,,,,,,,,,,,,
SU,60,Phx,46,0,35,196,397,29,30,18,2,733,"2,930",652.1,"2,608.4",1.1, 881 ,-16.8%,,,,,,,,,,,,,,,,,,,,,,
SU,61,Mes,65,0,30,195,458,37,28,30,7,813,"3,254",820.6,"3,282.4",1.0, 796 ,2.1%,,,,,,,,,,,,,,,,,,,,,,
SU,61,Phx,60,0,32,162,444,34,44,35,9,776,"3,100",749.0,"2,996.0",1.0, 744 ,4.3%,,,,,,,,,,,,,,,,,,,,,,
SU,61,Tem,33,0,16,166,326,28,16,21,3,585,"2,340",383.5,"1,534.0",1.5, 612 ,-4.4%,,,,,,,,,,,,,,,,,,,,,,
SU,62,Tem,22,0,11,98,168,22,9,10,3,330,"1,317",871.8,"3,487.2",0.4, 356 ,-7.3%,,,,,,,,,,,,,,,,,,,,,,
SU,65,Tem,14,0,5,78,174,21,15,8,2,307,"1,227",310.7,"1,242.8",1.0, 344 ,-10.8%,,,,,,,,,,,,,,,,,,,,,,
SU,66,Chn,1,0,2,9,19,2,2,2,0,35,138,81.6,326.4,0.4, 42 ,-16.7%,,,,,,,,,,,,,,,,,,,,,,
SU,66,GRIC,3,0,1,15,49,4,2,6,1,74,292,8.1,32.4,9.1, 77 ,-3.9%,,,,,,,,,,,,,,,,,,,,,,
SU,66,Tem,14,0,9,72,159,16,9,8,3,279,"1,112",273.1,"1,092.3",1.0, 227 ,22.9%,,,,,,,,,,,,,,,,,,,,,,
SU,67,Gln,22,0,12,79,130,14,7,6,2,264,"1,056",240.9,963.6,1.1, 225 ,17.3%,,,,,,,,,,,,,,,,,,,,,,
SU,67,Peo,6,0,4,12,28,2,0,2,0,52,207,45.3,181.1,1.1, *November 2020 ,*November 2020,,,,,,,,,,,,,,,,,,,,,,
SU,67,Phx,33,0,24,103,182,17,15,12,2,374,"1,491",463.8,"1,855.1",0.8, 396 ,-5.6%,,,,,,,,,,,,,,,,,,,,,,
SU,70,Gln,37,0,38,140,239,22,16,20,5,492,"1,969",365.7,"1,463.0",1.3, 539 ,-8.7%,,,,,,,,,,,,,,,,,,,,,,
SU,70,Phx,92,0,67,535,"1,027",133,47,54,21,"1,901","7,603","1,397.4","5,589.6",1.4," 2,151 ",-11.6%,,,,,,,,,,,,,,,,,,,,,,
SU,72,Chn,9,0,6,37,64,9,8,8,1,133,531,209.7,838.7,0.6, 107 ,24.3%,,,,,,,,,,,,,,,,,,,,,,
SU,72,PaVa,1,0,0,6,11,1,2,1,0,21,87,179.3,717.3,0.1, *November 2020 ,*November 2020,,,,,,,,,,,,,,,,,,,,,,
SU,72,Phx,12,0,3,51,64,7,4,4,1,141,559,86.4,345.6,1.6, *November 2020 ,*November 2020,,,,,,,,,,,,,,,,,,,,,,
SU,72,Sct,67,0,26,218,273,37,47,17,3,668,"2,668",771.5,"3,086.0",0.9, 670 ,-0.3%,,,,,,,,,,,,,,,,,,,,,,
SU,72,Tem,44,0,30,262,517,56,64,31,7,973,"3,890",738.8,"2,955.2",1.3, 805 ,20.9%,,,,,,,,,,,,,,,,,,,,,,
SU,75,Phx,20,0,17,85,144,11,10,6,4,287,"1,143",544.1,"2,176.6",0.5, 264 ,8.7%,,,,,,,,,,,,,,,,,,,,,,
SU,77,Mes,2,0,1,7,18,1,2,1,0,31,124,86.1,344.4,0.4, *November 2020 ,*November 2020,,,,,,,,,,,,,,,,,,,,,,
SU,77,Phx,49,0,70,190,484,67,94,29,9,954,"3,813","1,045.3","4,181.2",0.9, 744 ,28.2%,,,,,,,,,,,,,,,,,,,,,,
SU,77,Tem,20,0,19,89,207,26,15,8,2,376,"1,502",343.7,"1,374.8",1.1, 418 ,-10.0%,,,,,,,,,,,,,,,,,,,,,,
SU,80,Gln,8,0,8,39,73,9,5,4,1,142,562,65.4,261.6,2.2, 136 ,4.4%,,,,,,,,,,,,,,,,,,,,,,
SU,80,PaVa,0,0,0,7,8,1,0,1,0,16,61,950.3,"3,801.1",0.0, 17 ,-5.9%,,,,,,,,,,,,,,,,,,,,,,
SU,80,Phx,42,0,29,217,379,39,21,23,6,727,"2,903",27.3,109.2,26.6, 715 ,1.7%,,,,,,,,,,,,,,,,,,,,,,
SU,80,Sct,7,0,4,43,57,8,2,6,1,121,484,203.6,814.2,0.6, 112 ,8.0%,,,,,,,,,,,,,,,,,,,,,,
SU,81,SRPIC,0,0,0,1,3,0,0,0,0,4,15,58.9,235.8,0.1, *November 2020 ,*November 2020,,,,,,,,,,,,,,,,,,,,,,
SU,81,Sct,16,0,10,87,138,11,6,17,3,268,"1,067",665.2,"2,660.8",0.4, 235 ,14.0%,,,,,,,,,,,,,,,,,,,,,,
SU,81,Tem,23,0,24,197,339,26,9,23,5,618,"2,472",654.1,"2,616.5",0.9, 571 ,8.2%,,,,,,,,,,,,,,,,,,,,,,
SU,83,Gln,11,0,9,43,75,8,4,7,1,150,596,133.5,534.0,1.1, 113 ,32.7%,,,,,,,,,,,,,,,,,,,,,,
SU,83,Peo,8,0,6,23,34,4,2,4,1,77,307,207.3,829.2,0.4, 113 ,-31.9%,,,,,,,,,,,,,,,,,,,,,,
SU,83,Phx,16,0,12,64,105,10,10,8,2,217,867,386.1,"1,544.4",0.6, 224 ,-3.1%,,,,,,,,,,,,,,,,,,,,,,
SU,90,Gln,8,0,8,35,75,9,8,5,1,143,569,96.2,384.8,1.5, 141 ,1.4%,,,,,,,,,,,,,,,,,,,,,,
SU,90,Phx,78,0,59,384,656,65,44,37,9,"1,286","5,134","1,168.6","4,674.4",1.1," 1,314 ",-2.1%,,,,,,,,,,,,,,,,,,,,,,
SU,96,Mes,18,0,21,154,350,27,34,21,7,604,"2,413",335.1,"1,340.4",1.8, 628 ,-3.8%,,,,,,,,,,,,,,,,,,,,,,
SU,104,Mes,7,0,4,52,119,6,5,2,1,193,772,260.1,"1,040.4",0.7, *November 2020 ,*November 2020,,,,,,,,,,,,,,,,,,,,,,
SU,106,Gln,4,0,5,35,47,8,8,4,0,107,418,83.1,332.3,1.3, 94 ,13.8%,,,,,,,,,,,,,,,,,,,,,,
SU,106,Phx,45,0,35,242,427,42,43,14,8,834,"3,331",613.2,"2,452.8",1.4, 809 ,3.1%,,,,,,,,,,,,,,,,,,,,,,
SU,108,Chn,2,0,2,16,20,1,0,1,0,41,163,108.1,432.4,0.4, 48 ,-14.6%,,,,,,,,,,,,,,,,,,,,,,
SU,108,Gil,4,0,2,7,26,1,1,2,0,41,165,263.8,"1,055.2",0.2, 52 ,-21.2%,,,,,,,,,,,,,,,,,,,,,,
SU,108,Mes,1,0,0,5,7,0,1,1,0,14,53,36.1,144.4,0.4, 25 ,-44.0%,,,,,,,,,,,,,,,,,,,,,,
SU,108,Phx,4,0,4,19,41,3,4,5,1,75,297,260.8,"1,043.2",0.3, 82 ,-8.5%,,,,,,,,,,,,,,,,,,,,,,
SU,108,Tem,5,0,3,25,54,5,1,3,0,93,369,190.4,761.6,0.5, 104 ,-10.6%,,,,,,,,,,,,,,,,,,,,,,
SU,112,Chn,20,0,20,92,216,13,21,19,1,382,"1,524",334.0,"1,336.0",1.1, 339 ,12.7%,,,,,,,,,,,,,,,,,,,,,,
SU,112,Gil,1,0,1,8,25,3,1,0,1,39,156,41.2,164.8,0.9, 39 ,0.0%,,,,,,,,,,,,,,,,,,,,,,
SU,112,Mes,29,0,34,254,549,37,44,34,7,947,"3,785",338.0,"1,352.0",2.8, 898 ,5.5%,,,,,,,,,,,,,,,,,,,,,,
SU,122,Phx,13,0,9,127,229,26,18,11,5,422,"1,683",559.2,"2,236.8",0.8, 403 ,4.7%,,,,,,,,,,,,,,,,,,,,,,
SU,136,Mes,13,0,8,55,107,9,9,15,3,201,803,436.9,"1,747.6",0.5, *November 2020 ,*November 2020,,,,,,,,,,,,,,,,,,,,,,
SU,138,Gln,7,0,3,22,30,3,2,2,1,67,269,57.7,230.8,1.2, 51 ,31.4%,,,,,,,,,,,,,,,,,,,,,,
SU,138,Peo,4,0,3,17,21,4,0,4,1,49,192,60.7,242.8,0.8, 62 ,-21.0%,,,,,,,,,,,,,,,,,,,,,,
SU,138,Phx,42,0,23,239,300,41,20,20,7,665,"2,656",101.0,404.0,6.6, 640 ,3.9%,,,,,,,,,,,,,,,,,,,,,,
SU,138,Sun,3,0,2,5,11,3,0,3,0,24,90,"1,090.2","4,360.8",0.0, *November 2020 ,*November 2020,,,,,,,,,,,,,,,,,,,,,,
SU,154,Phx,54,0,30,237,347,29,25,15,4,722,"2,886","1,088.1","4,352.4",0.7, 644 ,12.1%,,,,,,,,,,,,,,,,,,,,,,
SU,154,Sct,1,0,0,9,5,1,2,0,0,18,74,55.6,222.4,0.3, 23 ,-21.7%,,,,,,,,,,,,,,,,,,,,,,
SU,156,Chn,30,0,22,65,150,17,11,15,3,295,"1,172",493.5,"1,974.0",0.6, 333 ,-11.4%,,,,,,,,,,,,,,,,,,,,,,
SU,156,Gil,5,0,3,9,18,1,1,5,0,37,141,460.9,"1,843.6",0.1, 37 ,0.0%,,,,,,,,,,,,,,,,,,,,,,
SU,156,Mes,1,0,1,3,9,2,0,1,0,16,58,28.9,115.6,0.6, 11 ,45.5%,,,,,,,,,,,,,,,,,,,,,,
SU,156,Phx,3,0,2,6,15,1,1,1,1,28,110,24.3,97.2,1.2, 22 ,27.3%,,,,,,,,,,,,,,,,,,,,,,
SU,170,Gln,13,0,8,65,97,6,9,5,0,198,787,108.8,435.2,1.8, 225 ,-12.0%,,,,,,,,,,,,,,,,,,,,,,
SU,170,Phx,143,0,57,476,648,76,66,37,7,"1,466","5,860","1,057.7","4,230.8",1.4," 1,415 ",3.6%,,,,,,,,,,,,,,,,,,,,,,
SU,170,Sct,10,0,4,44,40,10,4,4,0,112,446,181.8,727.2,0.6, 110 ,1.8%,,,,,,,,,,,,,,,,,,,,,,
SU,184,Gil,2,0,1,5,6,0,0,1,0,14,52,69.8,279.2,0.2, 6 ,133.3%,,,,,,,,,,,,,,,,,,,,,,
SU,184,Mes,10,0,6,47,74,6,5,16,1,148,587,401.4,"1,605.6",0.4, 129 ,14.7%,,,,,,,,,,,,,,,,,,,,,,
SU,186,Gln†,5,0,3,11,29,6,5,3,0,59,227,147.4,589.6,0.4, 59 ,0.0%,,,,,,,,,,,,,,,,,,,,,,
SU,186,Phx,26,0,14,149,177,21,17,18, 3 ,404,"1,610","1,204.5","4,818.0",0.3, 364 ,11.0%,,,,,,,,,,,,,,,,,,,,,,
SU,ALEX,Phx,0,0,0,0,0,0,90,4,1,90,359,260.0,"1,040.0",0.3, 61 ,47.5%,,,,,,,,,,,,,,,,,,,,,,
SU,68th St/Camelback RD,Sct,0,0,0,0,0,0,668,26,2,668,"2,672","1,022.2","4,088.8",0.7, 516 ,29.5%,,,,,,,,,,,,,,,,,,,,,,
SU,Downtown/Old Town Trolly,Sct,0,0,0,0,0,0,254,0,0,254,"1,016",134.7,538.8,1.9, 198 ,28.3%,,,,,,,,,,,,,,,,,,,,,,
SU,EARTH,Tem,0,0,0,0,0,0,380,16,2,380,"1,519",886.3,"3,545.2",0.4, 534 ,-28.8%,,,,,,,,,,,,,,,,,,,,,,
SU,GUS,Gln,0,0,0,0,0,0,286,4,5,286,"1,142",374.0,"1,496.0",0.8, 240 ,19.2%,,,,,,,,,,,,,,,,,,,,,,
SU,JUPITER,Tem,0,0,0,0,0,0,473,12,1,473,"1,892",122.7,490.8,3.9, 575 ,-17.7%,,,,,,,,,,,,,,,,,,,,,,
SU,MARS,Tem,0,0,0,0,0,0,367,11,1,367,"1,469",985.0,"3,940.1",0.4, 440 ,-16.6%,,,,,,,,,,,,,,,,,,,,,,
SU,MARY,Phx,0,0,0,0,0,0,261,7,3,261,"1,042",289.1,"1,156.4",0.9, 238 ,9.7%,,,,,,,,,,,,,,,,,,,,,,
SU,MERCURY,Tem,0,0,0,0,0,0,420,11,1,420,"1,680",293.8,"1,175.2",1.4, 488 ,-13.9%,,,,,,,,,,,,,,,,,,,,,,
SU,Miller/Hayden Trolley,Sct,0,0,0,0,0,0,437,20,2,437,"1,747",501.0,"2,004.0",0.9, 381 ,14.7%,,,,,,,,,,,,,,,,,,,,,,
SU,Mustang (MSTG),Sct,0,0,0,0,0,0,272,15,3,272,"1,086",134.7,538.8,2.0, 199 ,36.7%,,,,,,,,,,,,,,,,,,,,,,
SU,SATURN,Tem,0,0,0,0,0,0,142,3,1,142,567,239.5,958.0,0.6, 186 ,-23.7%,,,,,,,,,,,,,,,,,,,,,,
SU,SMART,Phx,0,0,0,0,0,0,323,5,4,323,"1,292",484.7,"1,938.8",0.7, 279 ,15.8%,,,,,,,,,,,,,,,,,,,,,,
SU,VENUS,Tem,0,0,0,0,0,0,316,6,1,316,"1,264",263.3,"1,053.2",1.2, 362 ,-12.7%,,,,,,,,,,,,,,,,,,,,,,
SU,ZOOM,Avo,0,0,0,0,0,0,0,2,2,178,710,"1,041.5","4,166.0",0.2, *April 2020 , *Apr 2020 ,,,,,,,,,,,,,,,,,,,,,,
SU,ZOOM,Gdy,0,0,0,0,0,0,0,2,1,106,423,158.5,634.0,0.7, *April 2020 , *Apr 2020 ,,,,,,,,,,,,,,,,,,,,,,
SU,ZOOM,Tol,0,0,0,0,0,0,0,3,1,81,323,186.4,745.6,0.4, *April 2020 , *Apr 2020 ,,,,,,,,,,,,,,,,,,,,,,
SU,Valley Metro Rail,Mes,113,0,142,1928,2512,350,515,0,0,"5,560","22,241","1,447.9","5,791.6",3.8," 4,233 ",31.3%,,,,,,,,,,,,,,,,,,,,,,
SU,Valley Metro Rail,Phx,475,0,374,6268,7878,1704,1704,0,0,"18,403","73,611","4,157.1","16,628.4",4.4," 17,246 ",6.7%,,,,,,,,,,,,,,,,,,,,,,
SU,Valley Metro Rail,Tem,186,0,152,1470,1903,1129,494,0,0,"5,334","21,337","1,386.4","5,545.6",3.8," 5,358 ",-0.4%,,,,,,,,,,,,,,,,,,,,,,
,,,,,,,,,,,,,,,,,,,,,,,,,,,,,,,,,,,,,,,,
,,," 17,510 ", 96 ," 14,105 "," 113,729 "," 192,562 "," 32,162 "," 49,442 "," 7,895 "," 2,114 "," 421,236 "," 5,148,524 "," 286,907.7 "," 3,188,558.8 ",1.5,,,,,,,,,,,,,,,,,,,,,,,,
,,,,,,,,,,,,,,,,,,,,,,,,,,,,,,,,,,,,,,,,
†The recent conversion of ridership tracking hardware has created significant error in ridership attribution for certain routes. Jurisdictional attribution may not be reliable for marked routes.,,,,,,,,,,,,,,,,,,,,,,,,,,,,,,,,,,,,,,,,
