JANUARY 2020 MONTHLY RIDERSHIP REPORT,,,,,,,,,,,,,,,,,,,,,,,,,,,,,,,,,,,,,,,,
SERVICE,ROUTE,CITY,Avg Full Fare,Avg Exp Fare,Avg Reduced Fare,Avg Full Fare Pass,Avg Reduced Pass,Avg Monthly Pass,Avg Free,Avg Bikes,Avg W/C, Avg Daily Boardings, Total Boardings ,Daily Revenue Miles,Total Rev. Miles,Boardings Per Rev Mile,1/19 - Avg Daily,% Difference,,,,,,,,,,,,,,,,,,,,,,
WK,0,Phx,94,0,131,943,"2,164",233,135,94,34,"3,700","81,378","2,111.9","46,461.8",1.8," 3,848 ",-3.8%,,,,,,,,,,,,,,,,,,,,,,
WK,1,Phx,11,0,9,133,270,41,16,11,3,480,"10,561",557.9,"12,273.8",0.9, 498 ,-3.6%,,,,,,,,,,,,,,,,,,,,,,
WK,1,Tem,1,0,1,14,17,2,1,2,0,36,781,28.6,629.2,1.3, *November 2020 ,*November 2020,,,,,,,,,,,,,,,,,,,,,,
WK,3,Avo,19,0,12,61,89,14,12,8,1,207,"4,563",305.9,"6,729.8",0.7, 209 ,-1.0%,,,,,,,,,,,,,,,,,,,,,,
WK,3,Phx,170,0,134,"1,324","2,468",255,153,79,24,"4,504","99,087","1,999.1","43,979.3",2.3," 5,064 ",-11.1%,,,,,,,,,,,,,,,,,,,,,,
WK,3,Tol,18,0,12,69,100,16,11,10,1,226,"4,949",216.1,"4,754.2",1.0, 322 ,-29.8%,,,,,,,,,,,,,,,,,,,,,,
WK,7,Phx,160,0,140,"1,121","2,037",235,134,89,40,"3,827","84,173","2,736.0","60,192.0",1.4," 4,125 ",-7.2%,,,,,,,,,,,,,,,,,,,,,,
WK,8,Phx,48,0,62,463,"1,030",127,42,40,20,"1,772","38,995","1,333.1","29,328.2",1.3," 2,114 ",-16.2%,,,,,,,,,,,,,,,,,,,,,,
WK,10,Phx,14,0,18,115,256,31,19,9,4,453,"9,959",336.1,"7,394.2",1.3, 709 ,-36.1%,,,,,,,,,,,,,,,,,,,,,,
WK,12,Phx,35,0,63,294,644,72,32,25,6,"1,140","25,052",899.3,"19,784.6",1.3," 1,134 ",0.5%,,,,,,,,,,,,,,,,,,,,,,
WK,13,Phx,67,0,31,358,575,90,36,30,7,"1,157","25,456",997.7,"21,949.4",1.2," 1,251 ",-7.5%,,,,,,,,,,,,,,,,,,,,,,
WK,15,Phx,24,0,31,216,514,60,35,25,13,880,"19,354",530.4,"11,668.8",1.7, 937 ,-6.1%,,,,,,,,,,,,,,,,,,,,,,
WK,16,Phx,138,0,121,958,"1,739",235,111,84,22,"3,302","72,625","2,257.1","49,656.2",1.5," 3,722 ",-11.3%,,,,,,,,,,,,,,,,,,,,,,
WK,17,Avo,15,0,11,34,45,6,7,6,1,118,"2,617",239.3,"5,264.6",0.5, 136 ,-13.2%,,,,,,,,,,,,,,,,,,,,,,
WK,17,Gdy,10,0,5,26,33,3,4,5,1,81,"1,775",179.4,"3,946.8",0.5, 96 ,-15.6%,,,,,,,,,,,,,,,,,,,,,,
WK,17,Phx,297,0,220,"1,485","3,078",300,191,99,29,"5,571","122,566","2,385.9","52,489.8",2.3," 6,550 ",-14.9%,,,,,,,,,,,,,,,,,,,,,,
WK,17,Sct,24,0,22,83,105,16,10,8,1,260,"5,713",273.3,"6,012.6",1.0, 328 ,-20.7%,,,,,,,,,,,,,,,,,,,,,,
WK,17,Tol,10,0,6,39,52,5,7,4,1,119,"2,607",85.2,"1,874.4",1.4, *November 2020 ,*November 2020,,,,,,,,,,,,,,,,,,,,,,
WK,19,Phx,277,0,243,"1,923","3,692",432,211,153,52,"6,778","149,091","3,351.7","73,738.1",2.0," 7,414 ",-8.6%,,,,,,,,,,,,,,,,,,,,,,
WK,27,Phx,149,0,113,870,"1,557",153,86,57,17,"2,928","64,395","1,864.8","41,025.6",1.6," 3,969 ",-26.2%,,,,,,,,,,,,,,,,,,,,,,
WK,28,Phx†,31,0,30,191,395,35,24,18,4,706,"15,525",549.0,"12,078.0",1.3, 224 ,215.2%,,,,,,,,,,,,,,,,,,,,,,
WK,29,Phx,312,0,307,"1,683","4,371",434,230,116,42,"7,337","161,397","2,820.8","62,057.6",2.6," 8,051 ",-8.9%,,,,,,,,,,,,,,,,,,,,,,
WK,29,Sct,28,0,24,94,126,18,11,9,3,301,"6,614",447.9,"9,853.7",0.7, 415 ,-27.5%,,,,,,,,,,,,,,,,,,,,,,
WK,30,Mes,50,0,41,276,501,39,47,35,4,954,"20,985","1,073.8","23,623.6",0.9," 1,114 ",-14.4%,,,,,,,,,,,,,,,,,,,,,,
WK,30,Phx,17,0,9,98,167,35,12,9,2,338,"7,457",493.1,"10,848.2",0.7, 360 ,-6.1%,,,,,,,,,,,,,,,,,,,,,,
WK,30,Tem,27,0,16,150,259,46,18,13,4,516,"11,366",453.3,"9,972.6",1.1, 565 ,-8.7%,,,,,,,,,,,,,,,,,,,,,,
WK,32,Phx,63,0,70,516,"1,243",90,50,34,15,"2,032","44,683","1,118.3","24,602.6",1.8," 2,158 ",-5.8%,,,,,,,,,,,,,,,,,,,,,,
WK,32,Tem,6,0,3,29,33,6,2,4,0,79,"1,712",72.7,"1,599.4",1.1, 65 ,21.5%,,,,,,,,,,,,,,,,,,,,,,
WK,35,Phx,263,0,320,"1,377","2,811",259,170,109,28,"5,200","114,408","2,727.0","59,994.0",1.9," 5,525 ",-5.9%,,,,,,,,,,,,,,,,,,,,,,
WK,39,Phx,13,0,23,73,93,21,11,8,1,234,"5,173",599.1,"13,180.2",0.4, 251 ,-6.8%,,,,,,,,,,,,,,,,,,,,,,
WK,40,Mes,66,0,56,333,754,50,45,70,14,"1,304","28,700","1,425.4","31,358.8",0.9," 1,651 ",-21.0%,,,,,,,,,,,,,,,,,,,,,,
WK,40,Tem,0,0,0,3,11,0,0,1,1,14,333,32.1,706.2,0.4, 25 ,-44.0%,,,,,,,,,,,,,,,,,,,,,,
WK,41,Avo,12,0,12,29,51,10,5,3,1,119,"2,586",40.1,882.2,3.0, 111 ,7.2%,,,,,,,,,,,,,,,,,,,,,,
WK,41,Phx,306,0,247,"1,679","3,535",320,237,127,44,"6,324","139,120","2,618.5","57,607.0",2.4," 6,486 ",-2.5%,,,,,,,,,,,,,,,,,,,,,,
WK,41,Sct,21,0,17,83,112,18,10,8,3,261,"5,717",279.1,"6,140.2",0.9, 294 ,-11.2%,,,,,,,,,,,,,,,,,,,,,,
WK,43,Gln,33,0,28,154,337,34,17,8,3,603,"13,262",210.3,"4,626.6",2.9, *November 2020 ,*November 2020,,,,,,,,,,,,,,,,,,,,,,
WK,43,Phx,124,0,85,552,"1,033",88,63,38,10,"1,945","42,805","1,050.8","23,117.2",1.9," 2,471 ",-21.3%,,,,,,,,,,,,,,,,,,,,,,
WK,44,PaVa,3,0,2,24,11,9,1,1,0,50,"1,081",277.0,"6,094.0",0.2, 35 ,42.9%,,,,,,,,,,,,,,,,,,,,,,
WK,44,Phx,86,0,66,683,873,165,41,43,11,"1,914","42,107","1,242.6","27,337.2",1.5," 2,031 ",-5.8%,,,,,,,,,,,,,,,,,,,,,,
WK,45,Mes,60,0,50,273,517,41,37,29,9,978,"21,487","1,053.2","23,170.4",0.9," 1,169 ",-16.3%,,,,,,,,,,,,,,,,,,,,,,
WK,45,Phx,48,0,55,269,684,70,46,32,7,"1,172","25,787",762.4,"16,772.8",1.5," 1,317 ",-11.0%,,,,,,,,,,,,,,,,,,,,,,
WK,45,Tem,52,0,63,226,559,51,34,22,4,985,"21,657",524.6,"11,541.2",1.9," 1,025 ",-3.9%,,,,,,,,,,,,,,,,,,,,,,
WK,48,Phx,3,0,2,12,28,3,2,1,0,50,"1,072",77.9,"1,713.8",0.6, *November 2020 ,*November 2020,,,,,,,,,,,,,,,,,,,,,,
WK,48,Tem,30,0,18,191,298,42,23,10,2,602,"13,217",687.1,"15,116.2",0.9, 752 ,-19.9%,,,,,,,,,,,,,,,,,,,,,,
WK,50,Gln,17,0,18,70,141,13,10,5,2,269,"5,930",415.9,"9,149.8",0.6, *November 2020 ,*November 2020,,,,,,,,,,,,,,,,,,,,,,
WK,50,Phx,210,0,236,"1,388","3,037",278,153,100,27,"5,302","116,642","2,220.9","48,859.8",2.4," 5,865 ",-9.6%,,,,,,,,,,,,,,,,,,,,,,
WK,50,Sct,16,0,9,86,94,10,9,5,1,224,"4,948",110.8,"2,437.6",2.0, 208 ,7.7%,,,,,,,,,,,,,,,,,,,,,,
WK,51,Gln,34,0,22,192,327,45,25,16,4,645,"14,191",533.4,"11,734.8",1.2, 694 ,-7.1%,,,,,,,,,,,,,,,,,,,,,,
WK,51,GRIC,9,0,8,23,104,6,6,4,2,156,"3,427",261.5,"5,753.0",0.6, 149 ,4.7%,,,,,,,,,,,,,,,,,,,,,,
WK,51,Phx,110,0,66,494,853,105,71,31,7,"1,699","37,387",918.1,"20,198.2",1.9," 1,705 ",-0.4%,,,,,,,,,,,,,,,,,,,,,,
WK,52,Phx,33,0,36,173,458,38,22,14,4,760,"16,732",692.9,"15,243.8",1.1, 614 ,23.8%,,,,,,,,,,,,,,,,,,,,,,
WK,56,Chn,1,0,1,5,6,0,0,1,0,13,287,41.6,915.2,0.3, 18 ,-27.8%,,,,,,,,,,,,,,,,,,,,,,
WK,56,Gua,6,0,6,20,64,5,8,2,1,109,"2,386",116.0,"2,552.0",0.9, 120 ,-9.2%,,,,,,,,,,,,,,,,,,,,,,
WK,56,Phx,9,0,5,48,59,6,8,4,0,135,"2,977",154.1,"3,390.2",0.9, 142 ,-4.9%,,,,,,,,,,,,,,,,,,,,,,
WK,56,Tem,49,0,33,424,674,74,55,38,5,"1,309","28,819",735.5,"16,181.0",1.8," 1,376 ",-4.9%,,,,,,,,,,,,,,,,,,,,,,
WK,59,Gln,82,0,87,366,637,68,58,25,12,"1,298","28,548",756.5,"16,643.0",1.7," 1,247 ",4.1%,,,,,,,,,,,,,,,,,,,,,,
WK,59,Phx,38,0,42,183,441,35,30,16,5,769,"16,913",425.8,"9,367.6",1.8, 796 ,-3.4%,,,,,,,,,,,,,,,,,,,,,,
WK,60,Gln,25,0,26,125,281,26,22,11,4,505,"11,097",316.0,"6,952.0",1.6, 583 ,-13.4%,,,,,,,,,,,,,,,,,,,,,,
WK,60,Phx,60,0,57,365,789,67,44,27,10,"1,382","30,370",722.6,"15,897.2",1.9," 1,619 ",-14.6%,,,,,,,,,,,,,,,,,,,,,,
WK,61,Mes,105,0,104,470,857,85,65,57,9,"1,686","37,063","1,236.0","27,192.0",1.4," 1,867 ",-9.7%,,,,,,,,,,,,,,,,,,,,,,
WK,61,Phx,72,0,80,326,924,79,64,41,9,"1,545","33,957","1,083.1","23,827.7",1.4," 1,672 ",-7.6%,,,,,,,,,,,,,,,,,,,,,,
WK,61,Tem,50,0,46,268,552,53,31,27,6,"1,000","21,992",582.6,"12,817.2",1.7," 1,142 ",-12.4%,,,,,,,,,,,,,,,,,,,,,,
WK,62,Tem,36,0,27,186,434,55,25,13,3,763,"16,795",980.2,"21,564.4",0.8, 646 ,18.1%,,,,,,,,,,,,,,,,,,,,,,
WK,65,Tem,26,0,18,207,447,77,17,18,3,792,"17,423",586.8,"12,909.6",1.3, 888 ,-10.8%,,,,,,,,,,,,,,,,,,,,,,
WK,66,Chn,4,0,3,25,42,4,2,3,0,80,"1,755",153.9,"3,385.8",0.5, 96 ,-16.7%,,,,,,,,,,,,,,,,,,,,,,
WK,66,GRIC,4,0,3,19,49,4,3,3,1,82,"1,797",15.3,336.6,5.4, 92 ,-10.9%,,,,,,,,,,,,,,,,,,,,,,
WK,66,Tem,24,0,19,210,421,53,21,18,4,748,"16,437",508.8,"11,193.6",1.5, 750 ,-0.3%,,,,,,,,,,,,,,,,,,,,,,
WK,67,Gln,54,0,41,207,351,40,36,15,4,729,"16,022",525.1,"11,552.3",1.4, 911 ,-20.0%,,,,,,,,,,,,,,,,,,,,,,
WK,67,Peo,9,0,7,27,46,5,4,3,1,98,"2,141",96.6,"2,125.2",1.0, *November 2020 ,*November 2020,,,,,,,,,,,,,,,,,,,,,,
WK,67,Phx,69,0,70,230,473,46,40,16,2,928,"20,426",513.9,"11,305.8",1.8," 1,101 ",-15.7%,,,,,,,,,,,,,,,,,,,,,,
WK,70,Gln,93,0,82,363,645,76,55,33,9,"1,314","28,883",820.5,"18,051.0",1.6," 1,695 ",-22.5%,,,,,,,,,,,,,,,,,,,,,,
WK,70,Phx,165,0,154,"1,174","2,261",280,130,100,31,"4,164","91,585","1,966.0","43,252.0",2.1," 4,782 ",-12.9%,,,,,,,,,,,,,,,,,,,,,,
WK,72,Chn,19,0,11,84,132,21,9,14,1,276,"6,094",346.6,"7,625.2",0.8, 246 ,12.2%,,,,,,,,,,,,,,,,,,,,,,
WK,72,Pava,3,0,1,13,21,3,1,1,0,42,895,271.7,"5,977.5",0.2, *November 2020 ,*November 2020,,,,,,,,,,,,,,,,,,,,,,
WK,72,Phx,26,0,9,102,99,14,9,7,1,259,"5,686",130.2,"2,864.2",2.0, *November 2020 ,*November 2020,,,,,,,,,,,,,,,,,,,,,,
WK,72,Sct,101,0,40,429,478,82,40,34,7,"1,170","25,745","1,137.8","25,031.6",1.0," 1,308 ",-10.6%,,,,,,,,,,,,,,,,,,,,,,
WK,72,Tem,92,0,51,496,940,137,54,54,12,"1,770","38,943","1,105.8","24,327.6",1.6," 1,559 ",13.5%,,,,,,,,,,,,,,,,,,,,,,
WK,75,Phx,49,0,45,208,407,35,32,15,3,776,"17,069",610.4,"13,428.8",1.3, 811 ,-4.3%,,,,,,,,,,,,,,,,,,,,,,
WK,77,Mes,4,0,3,18,33,11,2,2,0,71,"1,559",87.9,"1,933.8",0.8, 98 ,-27.6%,,,,,,,,,,,,,,,,,,,,,,
WK,77,Phx,79,0,137,286,942,119,60,24,8,"1,623","35,709","1,210.2","26,624.4",1.3," 1,708 ",-5.0%,,,,,,,,,,,,,,,,,,,,,,
WK,77,Tem,31,0,30,164,330,44,17,11,2,616,"13,544",389.0,"8,558.8",1.6, 713 ,-13.6%,,,,,,,,,,,,,,,,,,,,,,
WK,80,Gln,19,0,26,100,185,23,14,6,3,367,"8,065",146.0,"3,212.0",2.5, 349 ,5.2%,,,,,,,,,,,,,,,,,,,,,,
WK,80,PaVa,1,0,1,11,10,1,1,1,0,25,543,"1,042.6","22,937.2",0.0, 23 ,8.7%,,,,,,,,,,,,,,,,,,,,,,
WK,80,Phx,58,0,50,407,682,67,44,34,10,"1,308","28,759",29.5,649.1,44.3," 1,458 ",-10.3%,,,,,,,,,,,,,,,,,,,,,,
WK,80,Sct,17,0,6,91,94,14,5,8,1,227,"4,983",239.7,"5,274.0",0.9, 232 ,-2.2%,,,,,,,,,,,,,,,,,,,,,,
WK,81,Chn,6,0,3,35,50,7,4,4,0,105,"2,339",161.4,"3,550.8",0.7, 128 ,-18.0%,,,,,,,,,,,,,,,,,,,,,,
WK,81,SRPIC,2,0,1,3,5,0,1,1,0,12,246,62.5,"1,375.0",0.2, *November 2020 ,*November 2020,,,,,,,,,,,,,,,,,,,,,,
WK,81,Sct,43,0,23,191,212,29,18,25,3,516,"11,356",725.5,"15,961.0",0.7, 514 ,0.4%,,,,,,,,,,,,,,,,,,,,,,
WK,81,Tem,59,0,54,424,817,92,39,41,8,"1,485","32,655",886.0,"19,492.0",1.7," 1,442 ",3.0%,,,,,,,,,,,,,,,,,,,,,,
WK,83,Gln,13,0,8,64,94,11,7,7,1,197,"4,351",274.9,"6,047.8",0.7, 227 ,-13.2%,,,,,,,,,,,,,,,,,,,,,,
WK,83,Peo,18,0,10,72,102,7,8,9,2,217,"4,785",426.8,"9,389.6",0.5, 230 ,-5.7%,,,,,,,,,,,,,,,,,,,,,,
WK,83,Phx,34,0,24,171,285,33,23,21,3,570,"12,517",427.7,"9,409.4",1.3, 587 ,-2.9%,,,,,,,,,,,,,,,,,,,,,,
WK,90,Gln,17,0,16,133,201,28,14,7,3,409,"9,004",205.3,"4,516.6",2.0, 460 ,-11.1%,,,,,,,,,,,,,,,,,,,,,,
WK,90,Phx,125,0,101,779,"1,211",117,73,62,18,"2,406","52,928","1,280.6","28,173.1",1.9," 2,644 ",-9.0%,,,,,,,,,,,,,,,,,,,,,,
WK,96,Chn,18,0,15,107,144,24,13,11,1,321,"7,044",509.0,"11,198.0",0.6, 324 ,-0.9%,,,,,,,,,,,,,,,,,,,,,,
WK,96,Mes,44,0,46,375,654,82,45,27,9,"1,246","27,411",538.0,"11,836.0",2.3," 1,207 ",3.2%,,,,,,,,,,,,,,,,,,,,,,
WK,104,Chn,10,0,9,53,102,13,7,6,3,194,"4,263",388.1,"8,538.2",0.5, 216 ,-10.2%,,,,,,,,,,,,,,,,,,,,,,
WK,104,Mes,27,0,35,197,338,26,24,12,5,647,"14,236",413.0,"9,086.0",1.6, 626 ,3.4%,,,,,,,,,,,,,,,,,,,,,,
WK,106,Gln,16,0,14,91,136,18,11,9,3,286,"6,326",186.9,"4,111.8",1.5, 305 ,-6.2%,,,,,,,,,,,,,,,,,,,,,,
WK,106,Peo,23,0,17,129,202,16,15,12,5,402,"8,848",256.8,"5,649.6",1.6, 327 ,22.9%,,,,,,,,,,,,,,,,,,,,,,
WK,106,Phx,62,0,60,452,678,63,56,26,16,"1,371","30,137",679.4,"14,946.8",2.0," 1,509 ",-9.1%,,,,,,,,,,,,,,,,,,,,,,
WK,106,Sun,4,0,3,21,29,3,3,4,1,63,"1,382",153.6,"3,378.9",0.4, 87 ,-27.6%,,,,,,,,,,,,,,,,,,,,,,
WK,106,You,0,0,0,3,8,0,1,1,0,12,259,22.1,485.4,0.5, *November 2020 ,*November 2020,,,,,,,,,,,,,,,,,,,,,,
WK,108,Chn,7,0,4,65,103,11,5,5,1,195,"4,290",257.9,"5,673.8",0.8, 247 ,-21.1%,,,,,,,,,,,,,,,,,,,,,,
WK,108,Gil,12,0,10,40,74,7,8,8,1,151,"3,327",629.1,"13,840.2",0.2, 184 ,-17.9%,,,,,,,,,,,,,,,,,,,,,,
WK,108,Mes,3,0,2,24,36,3,4,2,0,72,"1,591",109.3,"2,404.2",0.7, 55 ,30.9%,,,,,,,,,,,,,,,,,,,,,,
WK,108,Phx,11,0,7,65,83,8,7,4,1,181,"3,997",278.8,"6,133.6",0.6, 195 ,-7.2%,,,,,,,,,,,,,,,,,,,,,,
WK,108,Tem,13,0,9,134,162,25,10,11,1,353,"7,753",392.8,"8,641.6",0.9, 361 ,-2.2%,,,,,,,,,,,,,,,,,,,,,,
WK,112,Chn,38,0,46,179,408,31,23,20,3,725,"15,963",748.5,"16,467.0",1.0, 862 ,-15.9%,,,,,,,,,,,,,,,,,,,,,,
WK,112,Gil,3,0,2,21,43,5,3,1,0,77,"1,659",93.2,"2,049.9",0.8, 82 ,-6.1%,,,,,,,,,,,,,,,,,,,,,,
WK,112,Mes,62,0,70,596,"1,168",82,53,46,13,"2,031","44,680",653.7,"14,381.4",3.1," 2,157 ",-5.8%,,,,,,,,,,,,,,,,,,,,,,
WK,120,Mes,7,0,6,62,105,5,10,5,2,195,"4,310",214.1,"4,710.9",0.9, 310 ,-37.1%,,,,,,,,,,,,,,,,,,,,,,
WK,122,Gln,1,0,2,11,19,4,2,1,0,39,841,578.5,"12,727.0",0.1, *November 2020 ,*November 2020,,,,,,,,,,,,,,,,,,,,,,
WK,122,Phx,18,0,25,176,321,42,28,13,5,610,"13,416",41.2,906.4,14.8, 705 ,-13.5%,,,,,,,,,,,,,,,,,,,,,,
WK,128,Mes†,16,0,17,116,273,14,20,11,7,456,"10,025",289.0,"6,358.0",1.6, 283 ,61.1%,,,,,,,,,,,,,,,,,,,,,,
WK,136,Chn†,1,0,1,5,7,0,1,2,0,15,345,91.2,"2,006.4",0.2, 10 ,50.0%,,,,,,,,,,,,,,,,,,,,,,
WK,136,Gil,16,0,13,78,115,10,7,12,0,239,"5,232",378.4,"8,323.7",0.6, 276 ,-13.4%,,,,,,,,,,,,,,,,,,,,,,
WK,136,Mes,30,0,25,178,270,27,21,25,2,551,"12,127",507.8,"11,171.6",1.1, 426 ,29.3%,,,,,,,,,,,,,,,,,,,,,,
WK,138,Gln,10,0,8,63,89,13,8,3,4,191,"4,198",127.0,"2,794.0",1.5, 208 ,-8.2%,,,,,,,,,,,,,,,,,,,,,,
WK,138,Peo,8,0,8,40,57,4,6,5,2,123,"2,673",133.6,"2,939.2",0.9, 177 ,-30.5%,,,,,,,,,,,,,,,,,,,,,,
WK,138,Phx,62,0,50,382,536,64,39,31,10,"1,133","24,910",222.2,"4,888.4",5.1," 1,285 ",-11.8%,,,,,,,,,,,,,,,,,,,,,,
WK,138,Sun,3,0,3,15,18,4,2,2,1,45,973,"1,223.9","26,925.8",0.0, *November 2020 ,*November 2020,,,,,,,,,,,,,,,,,,,,,,
WK,140,Chn,18,0,17,83,232,11,12,14,2,373,"8,226",586.4,"12,900.8",0.6, 330 ,13.0%,,,,,,,,,,,,,,,,,,,,,,
WK,140,Gil,3,0,1,13,203,0,1,2,0,221,"4,860",62.2,"1,368.4",3.6, 150 ,47.3%,,,,,,,,,,,,,,,,,,,,,,
WK,140,Phx†,2,0,1,14,251,1,1,1,1,270,"5,945",30.6,673.2,8.8, 150 ,80.0%,,,,,,,,,,,,,,,,,,,,,,
WK,140,Tem,1,0,2,2,5,0,1,0,0,11,220,24.9,547.8,0.4, 15 ,-26.7%,,,,,,,,,,,,,,,,,,,,,,
WK,154,Phx,85,0,61,396,517,54,38,21,3,"1,151","25,328","1,209.5","26,609.4",1.0," 1,085 ",6.1%,,,,,,,,,,,,,,,,,,,,,,
WK,154,Sct,5,0,1,38,26,5,2,2,0,77,"1,683",118.2,"2,600.4",0.7, 70 ,10.0%,,,,,,,,,,,,,,,,,,,,,,
WK,156,Chn,62,0,47,205,349,42,27,27,4,732,"16,105",692.6,"15,237.2",1.1, 791 ,-7.5%,,,,,,,,,,,,,,,,,,,,,,
WK,156,Gil,10,0,6,37,59,6,6,10,1,124,"2,700",661.2,"14,546.4",0.2, 142 ,-12.7%,,,,,,,,,,,,,,,,,,,,,,
WK,156,Mes,3,0,2,12,16,0,1,3,0,34,759,41.5,913.0,0.8, 51 ,-33.3%,,,,,,,,,,,,,,,,,,,,,,
WK,156,Phx,11,0,7,29,45,4,4,4,0,100,"2,203",34.5,759.0,2.9, 79 ,26.6%,,,,,,,,,,,,,,,,,,,,,,
WK,170,Gln,20,0,10,119,138,12,11,8,2,310,"6,794",251.5,"5,533.0",1.2, 447 ,-30.6%,,,,,,,,,,,,,,,,,,,,,,
WK,170,Phx,197,0,107,814,"1,007",136,76,52,16,"2,337","51,414","1,170.1","25,742.2",2.0," 2,473 ",-5.5%,,,,,,,,,,,,,,,,,,,,,,
WK,170,Sct,26,0,6,87,68,13,6,9,1,206,"4,508",209.7,"4,613.4",1.0, 206 ,0.0%,,,,,,,,,,,,,,,,,,,,,,
WK,184,Gil,2,0,1,7,9,0,1,1,1,20,432,148.4,"3,264.8",0.1, 26 ,-23.1%,,,,,,,,,,,,,,,,,,,,,,
WK,184,Mes,19,0,13,131,200,10,15,23,3,388,"8,515",852.9,"18,763.8",0.5, 404 ,-4.0%,,,,,,,,,,,,,,,,,,,,,,
WK,186,Gln,9,0,6,32,36,5,4,4,0,92,"2,012",162.2,"3,568.4",0.6, 91 ,1.1%,,,,,,,,,,,,,,,,,,,,,,
WK,186,Phx,57,0,61,321,363,65,30,30,4,897,"19,738","1,334.7","29,363.4",0.7," 1,047 ",-14.3%,,,,,,,,,,,,,,,,,,,,,,
WK,Grd Ave,Gln†,0,0,0,0,2,6,0,0,0,8,161,22.2,488.4,0.4, 4 ,100.0%,,,,,,,,,,,,,,,,,,,,,,
WK,Grd Ave,Peo,0,0,0,2,1,9,0,0,0,12,271,9.1,200.2,1.3, 16 ,-25.0%,,,,,,,,,,,,,,,,,,,,,,
WK,Grd Ave,Phx,0,0,0,4,3,18,0,0,0,25,538,30.2,664.4,0.8, 21 ,19.0%,,,,,,,,,,,,,,,,,,,,,,
WK,400,Phx,0,11,0,81,15,479,4,1,0,590,"12,393",552.6,"12,157.2",22.7, 534 ,10.5%,,,,,,,,,,,,,,,,,,,,,,
WK,450,Phx,0,11,0,93,7,489,9,3,0,609,"12,807",594.6,"13,080.9",21.0, 633 ,-3.8%,,,,,,,,,,,,,,,,,,,,,,
WK,451,Phx,0,1,0,8,1,73,1,1,0,84,"1,752",88.4,"1,944.8",8.4, 81 ,3.7%,,,,,,,,,,,,,,,,,,,,,,
WK,452,Phx,0,2,0,7,1,28,1,0,0,39,804,89.9,"1,977.7",3.9, 39 ,0.0%,,,,,,,,,,,,,,,,,,,,,,
WK,460,Phx,0,5,0,45,6,356,2,1,0,414,"8,710",303.2,"6,670.4",16.6, 502 ,-17.5%,,,,,,,,,,,,,,,,,,,,,,
WK,480,Phx,0,22,0,161,18,"1,041",11,5,2,"1,253","26,318","1,064.7","23,423.4",24.6," 1,196 ",4.8%,,,,,,,,,,,,,,,,,,,,,,
WK,514,FH†,0,0,0,0,0,1,0,0,0,1,39,24.9,548.2,0.3, 3 ,-66.7%,,,,,,,,,,,,,,,,,,,,,,
WK,514,Phx,0,1,0,1,0,19,0,0,0,21,449,56.3,"1,238.6",5.3, 26 ,-19.2%,,,,,,,,,,,,,,,,,,,,,,
WK,514,Sct,0,2,0,1,1,18,0,1,0,22,476,63.1,"1,387.5",5.5, 23 ,-4.3%,,,,,,,,,,,,,,,,,,,,,,
WK,520,Phx†,0,0,0,1,0,15,0,0,0,16,334,42.3,930.6,4.0, 10 ,60.0%,,,,,,,,,,,,,,,,,,,,,,
WK,520,Tem†,0,1,0,1,8,18,0,0,1,28,595,35.5,781.0,7.0, 13 ,115.4%,,,,,,,,,,,,,,,,,,,,,,
WK,521,Phx,0,0,0,2,0,29,0,0,0,31,669,84.5,"1,859.0",3.9, 31 ,0.0%,,,,,,,,,,,,,,,,,,,,,,
WK,521,Tem,0,1,0,3,1,28,0,1,0,33,719,59.4,"1,306.8",4.1, 38 ,-13.2%,,,,,,,,,,,,,,,,,,,,,,
WK,522,Phx,0,1,0,15,1,46,0,0,0,63,"1,327",102.8,"2,261.6",7.9, 63 ,0.0%,,,,,,,,,,,,,,,,,,,,,,
WK,522,Tem,0,0,0,4,3,38,0,0,0,45,952,63.9,"1,405.8",5.6, 52 ,-13.5%,,,,,,,,,,,,,,,,,,,,,,
WK,531,Gil,0,1,0,10,1,58,0,0,0,70,"1,469",57.1,"1,257.2",5.8, 51 ,37.3%,,,,,,,,,,,,,,,,,,,,,,
WK,531,Mes†,0,0,0,6,0,45,0,0,0,51,"1,088",75.2,"1,654.4",4.3, 128 ,-60.2%,,,,,,,,,,,,,,,,,,,,,,
WK,531,Phx,0,1,0,16,1,94,1,0,0,113,"2,360",176.9,"3,891.8",9.4, 76 ,48.7%,,,,,,,,,,,,,,,,,,,,,,
WK,533,Mes,0,3,0,33,2,160,2,1,0,200,"4,191",176.9,"3,891.8",16.7, 204 ,-2.0%,,,,,,,,,,,,,,,,,,,,,,
WK,533,Phx,0,6,0,32,4,144,1,1,0,187,"3,944",169.7,"3,733.4",15.6, 194 ,-3.6%,,,,,,,,,,,,,,,,,,,,,,
WK,535,Mes,0,3,0,27,3,125,2,0,0,160,"3,363",165.6,"3,643.2",16.0, 161 ,-0.6%,,,,,,,,,,,,,,,,,,,,,,
WK,535,Phx,0,3,0,26,4,120,1,0,0,154,"3,211",115.3,"2,536.6",15.4, 162 ,-4.9%,,,,,,,,,,,,,,,,,,,,,,
WK,541,Chn,0,1,0,4,0,17,0,1,0,22,463,40.1,882.2,2.8, 26 ,-15.4%,,,,,,,,,,,,,,,,,,,,,,
WK,541,Mes,0,1,0,8,1,43,0,0,0,53,"1,109",56.2,"1,236.4",6.6, 56 ,-5.4%,,,,,,,,,,,,,,,,,,,,,,
WK,541,Phx,0,1,0,9,1,54,0,0,0,65,"1,364",116.5,"2,563.0",8.1, 75 ,-13.3%,,,,,,,,,,,,,,,,,,,,,,
WK,542,Chn,0,1,0,38,5,166,0,1,0,210,"4,415",189.1,"4,160.2",15.0, 208 ,1.0%,,,,,,,,,,,,,,,,,,,,,,
WK,542,Phx,0,2,0,37,4,153,1,0,0,197,"4,134",254.6,"5,601.2",14.1, 208 ,-5.3%,,,,,,,,,,,,,,,,,,,,,,
WK,562,Gdy,0,1,0,13,2,82,0,0,0,98,"2,065",2.7,59.4,12.3, 72 ,36.1%,,,,,,,,,,,,,,,,,,,,,,
WK,562,Phx,0,1,0,10,1,75,0,0,0,87,"1,832",142.5,"3,135.0",10.9, 117 ,-25.6%,,,,,,,,,,,,,,,,,,,,,,
WK,563,Avo†,0,2,0,5,1,40,0,0,0,48,"1,014",37.5,825.0,6.0, 25 ,92.0%,,,,,,,,,,,,,,,,,,,,,,
WK,563,Buc,0,1,0,3,2,34,0,0,0,40,869,8.5,186.8,5.0, 34 ,17.6%,,,,,,,,,,,,,,,,,,,,,,
WK,563,Phx,0,3,0,10,3,60,0,0,0,76,"1,614",126.1,"2,773.8",9.5, 79 ,-3.8%,,,,,,,,,,,,,,,,,,,,,,
WK,571,El Mi,0,1,0,5,1,14,0,0,0,21,423,35.8,786.7,2.6, 22 ,-4.5%,,,,,,,,,,,,,,,,,,,,,,
WK,571,Phx,0,3,0,14,2,60,0,0,0,79,"1,674",154.8,"3,405.6",9.9, 65 ,21.5%,,,,,,,,,,,,,,,,,,,,,,
WK,571,Sur,0,1,0,5,1,37,0,0,0,44,922,26.7,588.1,5.5, 39 ,12.8%,,,,,,,,,,,,,,,,,,,,,,
WK,573,Gln,0,1,0,7,1,59,1,0,0,69,"1,443",99.1,"2,180.2",8.6, 65 ,6.2%,,,,,,,,,,,,,,,,,,,,,,
WK,573,Phx,0,1,0,8,1,55,0,0,0,65,"1,355",161.7,"3,557.4",8.1, 52 ,25.0%,,,,,,,,,,,,,,,,,,,,,,
WK,575,Gln,0,3,0,17,2,43,0,0,0,65,"1,372",34.2,752.4,10.8, 75 ,-13.3%,,,,,,,,,,,,,,,,,,,,,,
WK,575,Phx†,0,1,0,7,0,21,0,0,0,29,594,121.3,"2,668.6",4.8, 4 ,625.0%,,,,,,,,,,,,,,,,,,,,,,
WK,Ajo/Gila Bend Connector,Rur,0,0,0,0,0,0,0,0,0,32,668,"1,180.9","25,979.8",0.0, 45 ,-28.9%,,,,,,,,,,,,,,,,,,,,,,
WK,ALEX,Phx,0,0,0,0,0,0,308,5,1,308,"6,772",492.4,"10,832.8",0.6, 296 ,4.1%,,,,,,,,,,,,,,,,,,,,,,
WK,BUZZ,Mes,0,0,0,0,0,0,516,20,11,516,"11,342",364.7,"8,023.4",1.4, 523 ,-1.3%,,,,,,,,,,,,,,,,,,,,,,
WK,68th St/Camelback RD,Sct,0,0,0,0,0,0,"1,305",28,4,"1,305","28,702","1,178.4","25,924.8",1.1," 1,205 ",8.3%,,,,,,,,,,,,,,,,,,,,,,
WK,DASH,Phx,0,0,0,0,0,0,"1,190",23,33,"1,190","26,173",227.9,"5,013.8",5.2," 1,322 ", (0),,,,,,,,,,,,,,,,,,,,,,
WK,Downtown/Old Town Trolly,Sct,0,0,0,0,0,0,212,0,0,212,"4,659",134.7,"2,963.4",1.6, 212 ,0.0%,,,,,,,,,,,,,,,,,,,,,,
WK,EARTH,Tem,0,0,0,0,0,0,"1,132",46,2,"1,132","24,909","1,057.0","23,254.0",1.1," 1,179 ",-4.0%,,,,,,,,,,,,,,,,,,,,,,
WK,Flash Back,Tem,0,0,0,0,0,0,315,1,0,315,"6,610",351.1,"7,373.1",0.9, 498 ,-36.7%,,,,,,,,,,,,,,,,,,,,,,
WK,Flash Forward,Tem,0,0,0,0,0,0,343,3,0,343,"7,197",345.3,"7,251.3",1.0, 638 ,-46.2%,,,,,,,,,,,,,,,,,,,,,,
WK,GUS,Gln,0,0,0,0,0,0,386,4,12,386,"8,498",326.7,"7,187.2",1.2, 398 ,-3.0%,,,,,,,,,,,,,,,,,,,,,,
WK,JUPITER,Tem,0,0,0,0,0,0,"1,549",34,6,"1,549","34,075","1,041.2","22,906.4",1.5," 1,513 ",2.4%,,,,,,,,,,,,,,,,,,,,,,
WK,MARS,Tem,0,0,0,0,0,0,"1,490",42,2,"1,490","32,780",804.4,"17,695.9",1.9," 1,546 ",-3.6%,,,,,,,,,,,,,,,,,,,,,,
WK,MARY,Phx,0,0,0,0,0,0,555,9,4,555,"12,211",829.2,"18,242.4",0.7, 625 ,-11.2%,,,,,,,,,,,,,,,,,,,,,,
WK,MERCURY,Tem,0,0,0,0,0,0,"1,940",36,4,"1,940","42,673",609.9,"13,417.5",3.2," 2,027 ",-4.3%,,,,,,,,,,,,,,,,,,,,,,
WK,Miller/Hayden Trolley,Sct,0,0,0,0,0,0,948,26,3,948,"20,849",816.5,"17,963.0",1.2, 778 ,21.9%,,,,,,,,,,,,,,,,,,,,,,
WK,Mustang (MSTG),Sct,0,0,0,0,0,0,410,23,3,410,"9,016","1,091.7","24,016.7",0.4, 367 ,11.7%,,,,,,,,,,,,,,,,,,,,,,
WK,POGO,Peo,0,0,0,0,0,0,134,5,1,134,"2,945","1,030.0","22,660.0",0.1, *April 2020 ,*Apr 2020,,,,,,,,,,,,,,,,,,,,,,
WK,Saturn,Tem,0,0,0,0,0,0,383,8,4,383,"8,423",611.1,"13,443.9",0.6, 295 ,29.8%,,,,,,,,,,,,,,,,,,,,,,
WK,SMART,Phx,0,0,0,0,0,0,691,8,5,691,"15,195",732.5,"16,115.0",0.9, 612 ,12.9%,,,,,,,,,,,,,,,,,,,,,,
WK,VENUS,Tem,0,0,0,0,0,0,"1,256",25,3,"1,256","27,640","1,030.0","22,660.0",1.2," 1,223 ",2.7%,,,,,,,,,,,,,,,,,,,,,,
WK,ZOOM ,Avo,0,0,0,0,0,0,0,2,1,353,"7,769","1,301.9","28,641.8",0.3, 626 ,-43.6%,,,,,,,,,,,,,,,,,,,,,,
WK,ZOOM ,Gdy†,0,0,0,0,0,0,0,1,1,202,"4,446",198.1,"4,357.4",1.0, 38 ,431.6%,,,,,,,,,,,,,,,,,,,,,,
WK,ZOOM ,Tol†,0,0,0,0,0,0,0,1,0,191,"4,191",233.0,"5,126.0",0.8, 122 ,56.6%,,,,,,,,,,,,,,,,,,,,,,
WK,Valley Metro Rail,Mes,161,0,218,"2,802","3,496",467,836,0,0,"7,980","175,538","2,099.1","46,180.2",3.8," 6,928 ",15.2%,,,,,,,,,,,,,,,,,,,,,,
WK,Valley Metro Rail,Phx,741,0,601,"9,943","11,726","2,690","3,006",0,0,"28,707","631,579","6,026.8","132,589.6",4.8," 30,530 ",-6.0%,,,,,,,,,,,,,,,,,,,,,,
WK,Valley Metro Rail,Tem,332,0,276,"2,716","3,354","1,732",984,0,0,"9,394","206,657","2,009.9","44,217.8",4.7," 9,883 ",-4.9%,,,,,,,,,,,,,,,,,,,,,,
SA,0,Phx,67,0,57,455,"1,052",81,52,50,20,"1,764","7,054","1,384.0","5,535.9",1.3," 1,903 ",-7.3%,,,,,,,,,,,,,,,,,,,,,,
SA,1,Phx,12,0,9,89,183,16,12,10,4,321,"1,282",591.9,"2,367.6",0.5, 285 ,12.6%,,,,,,,,,,,,,,,,,,,,,,
SA,1,Tem,1,0,0,4,8,0,1,1,0,14,49,30.3,121.2,0.5, *November 2020 ,*November 2020,,,,,,,,,,,,,,,,,,,,,,
SA,3,Avo,8,0,3,25,35,3,3,3,1,77,306,153.0,612.0,0.5, 85 ,-9.4%,,,,,,,,,,,,,,,,,,,,,,
SA,3,Phx,94,0,60,722,"1,331",112,70,48,17,"2,389","9,553","1,432.3","5,729.2",1.7," 2,840 ",-15.9%,,,,,,,,,,,,,,,,,,,,,,
SA,3,Tol,8,0,5,30,42,8,4,4,1,97,381,131.1,524.4,0.7, 192 ,-49.5%,,,,,,,,,,,,,,,,,,,,,,
SA,7,Phx,103,0,62,574,"1,027",109,66,64,19,"1,941","7,762","2,359.1","9,436.4",0.8," 2,224 ",-12.7%,,,,,,,,,,,,,,,,,,,,,,
SA,8,Phx,36,0,42,287,709,70,45,33,22,"1,189","4,755","1,406.0","5,623.8",0.8," 1,370 ",-13.2%,,,,,,,,,,,,,,,,,,,,,,
SA,10,Phx,9,0,6,66,157,19,20,5,2,277,"1,103",352.5,"1,410.0",0.8, 307 ,-9.8%,,,,,,,,,,,,,,,,,,,,,,
SA,12,Phx,25,0,21,155,315,39,35,21,3,590,"2,356",943.2,"3,772.7",0.6, 683 ,-13.6%,,,,,,,,,,,,,,,,,,,,,,
SA,13,Phx,50,0,25,199,353,58,13,19,7,698,"2,787","1,046.4","4,185.6",0.7, 811 ,-13.9%,,,,,,,,,,,,,,,,,,,,,,
SA,15,Phx,25,0,17,157,320,30,17,19,8,566,"2,264",556.3,"2,225.2",1.0, 531 ,6.6%,,,,,,,,,,,,,,,,,,,,,,
SA,16,Phx,113,0,68,559,971,125,52,52,14,"1,888","7,550","1,978.6","7,914.3",1.0," 1,914 ",-1.4%,,,,,,,,,,,,,,,,,,,,,,
SA,17,Avo,8,0,5,21,30,5,4,2,0,73,289,111.7,446.8,0.7, 130 ,-43.8%,,,,,,,,,,,,,,,,,,,,,,
SA,17,Gdy,6,0,2,6,12,1,2,2,0,29,113,83.7,334.8,0.3, 36 ,-19.4%,,,,,,,,,,,,,,,,,,,,,,
SA,17,Phx,203,0,131,936,"1,704",201,152,63,17,"3,327","13,303","1,535.6","6,142.4",2.2," 3,674 ",-9.4%,,,,,,,,,,,,,,,,,,,,,,
SA,17,Sct,15,0,9,50,85,5,6,9,1,170,676,168.7,674.8,1.0, 156 ,9.0%,,,,,,,,,,,,,,,,,,,,,,
SA,17,Tol,10,0,4,31,38,5,5,2,0,93,372,85.2,340.8,1.1, *November 2020 ,*November 2020,,,,,,,,,,,,,,,,,,,,,,
SA,19,Phx,185,0,130,"1,048","1,899",180,112,91,35,"3,554","14,212","2,248.3","8,993.2",1.6," 4,030 ",-11.8%,,,,,,,,,,,,,,,,,,,,,,
SA,27,Phx,151,0,93,693,"1,227",125,69,55,15,"2,358","9,431","1,971.4","7,885.6",1.2," 2,668 ",-11.6%,,,,,,,,,,,,,,,,,,,,,,
SA,28,Phx,4,0,6,31,46,7,6,4,0,100,399,575.8,"2,303.2",0.2, 86 ,16.3%,,,,,,,,,,,,,,,,,,,,,,
SA,29,Phx,190,0,155,885,"1,750",193,121,89,28,"3,294","13,171","1,527.7","6,110.8",2.2," 3,693 ",-10.8%,,,,,,,,,,,,,,,,,,,,,,
SA,29,Sct,20,0,13,51,67,5,8,5,1,164,653,223.9,895.6,0.7, 231 ,-29.0%,,,,,,,,,,,,,,,,,,,,,,
SA,30,Mes,24,0,14,108,217,15,19,22,4,397,"1,583",536.2,"2,144.6",0.7, 513 ,-22.6%,,,,,,,,,,,,,,,,,,,,,,
SA,30,Phx,6,0,4,39,64,13,4,4,0,130,515,454.8,"1,819.2",0.3, 150 ,-13.3%,,,,,,,,,,,,,,,,,,,,,,
SA,30,Tem,12,0,8,81,143,19,12,11,2,275,"1,096",418.4,"1,673.6",0.7, 285 ,-3.5%,,,,,,,,,,,,,,,,,,,,,,
SA,32,Phx,38,0,33,308,507,53,41,24,11,980,"3,920","1,126.0","4,504.0",0.9," 1,067 ",-8.2%,,,,,,,,,,,,,,,,,,,,,,
SA,32,Tem,3,0,4,21,30,4,2,3,1,64,250,77.1,308.4,0.8, 53 ,20.8%,,,,,,,,,,,,,,,,,,,,,,
SA,35,Phx,207,0,271,825,"1,583",144,98,85,24,"3,128","12,511","2,416.6","9,666.4",1.3," 3,418 ",-8.5%,,,,,,,,,,,,,,,,,,,,,,
SA,39,Phx,5,0,11,51,45,16,5,3,1,133,528,628.3,"2,513.2",0.2, 105 ,26.7%,,,,,,,,,,,,,,,,,,,,,,
SA,40,Mes,42,0,52,232,597,28,59,59,13,"1,010","4,036",881.3,"3,525.2",1.1," 1,153 ",-12.4%,,,,,,,,,,,,,,,,,,,,,,
SA,40,Tem,1,0,1,4,12,0,1,1,0,19,74,30.7,122.8,0.6, 22 ,-13.6%,,,,,,,,,,,,,,,,,,,,,,
SA,41,Avo†,6,0,3,18,35,6,3,1,0,71,281,45.4,181.6,1.6, 40 ,77.5%,,,,,,,,,,,,,,,,,,,,,,
SA,41,Phx,155,0,132,792,"1,590",133,123,68,35,"2,925","11,695","1,657.4","6,629.6",1.8," 3,334 ",-12.3%,,,,,,,,,,,,,,,,,,,,,,
SA,41,Sct,10,0,5,40,70,10,3,5,0,138,553,180.9,723.6,0.8, 164 ,-15.9%,,,,,,,,,,,,,,,,,,,,,,
SA,43,Gln,25,0,15,103,182,25,12,6,3,362,"1,444",215.3,861.2,1.7, *November 2020 ,*November 2020,,,,,,,,,,,,,,,,,,,,,,
SA,43,Phx,88,0,58,357,600,69,39,31,5,"1,211","4,841","1,086.7","4,346.8",1.1," 1,465 ",-17.3%,,,,,,,,,,,,,,,,,,,,,,
SA,44,PaVa,1,0,1,20,6,8,1,1,0,37,145,293.0,"1,172.0",0.1, 28 ,32.1%,,,,,,,,,,,,,,,,,,,,,,
SA,44,Phx,70,0,52,518,665,115,39,37,7,"1,459","5,836","1,307.8","5,231.2",1.1," 1,371 ",6.4%,,,,,,,,,,,,,,,,,,,,,,
SA,45,Mes,29,0,15,105,239,11,21,14,4,420,"1,672",495.6,"1,982.6",0.8, 558 ,-24.7%,,,,,,,,,,,,,,,,,,,,,,
SA,45,Phx,24,0,25,116,399,27,41,22,6,632,"2,528",601.5,"2,406.0",1.1, 667 ,-5.2%,,,,,,,,,,,,,,,,,,,,,,
SA,45,Tem,22,0,22,118,266,13,23,14,2,464,"1,855",396.9,"1,587.6",1.2, 486 ,-4.5%,,,,,,,,,,,,,,,,,,,,,,
SA,48,Phx,2,0,2,5,18,1,3,1,1,31,123,77.9,311.6,0.4, *November 2020 ,*November 2020,,,,,,,,,,,,,,,,,,,,,,
SA,48,Tem,10,0,11,89,147,22,16,5,2,295,"1,178",687.1,"2,748.4",0.4, 245 ,20.4%,,,,,,,,,,,,,,,,,,,,,,
SA,50,Gln,10,0,7,36,57,7,4,2,1,121,474,304.9,"1,219.6",0.4, *November 2020 ,*November 2020,,,,,,,,,,,,,,,,,,,,,,
SA,50,Phx,144,0,90,803,"1,410",144,66,66,25,"2,657","10,628","1,410.0","5,640.0",1.9," 3,245 ",-18.1%,,,,,,,,,,,,,,,,,,,,,,
SA,50,Sct,16,0,4,63,68,9,2,2,1,162,644,80.0,320.0,2.0, 123 ,31.7%,,,,,,,,,,,,,,,,,,,,,,
SA,51,Gln,26,0,16,116,170,30,8,14,1,366,"1,454",565.4,"2,261.6",0.6, 435 ,-15.9%,,,,,,,,,,,,,,,,,,,,,,
SA,51,GRIC,14,0,9,30,117,6,4,6,2,180,721,261.5,"1,046.0",0.7, 160 ,12.5%,,,,,,,,,,,,,,,,,,,,,,
SA,51,Phx,72,0,38,270,478,51,28,32,4,937,"3,743",971.0,"3,884.0",1.0," 1,027 ",-8.8%,,,,,,,,,,,,,,,,,,,,,,
SA,52,Phx,19,0,20,66,181,16,12,9,2,314,"1,256",721.5,"2,886.0",0.4, 266 ,18.0%,,,,,,,,,,,,,,,,,,,,,,
SA,56,Chn,1,0,0,3,7,0,1,0,0,12,46,41.0,164.0,0.3, 11 ,9.1%,,,,,,,,,,,,,,,,,,,,,,
SA,56,Gua,9,0,2,13,40,2,3,2,1,69,273,87.7,350.8,0.8, 67 ,3.0%,,,,,,,,,,,,,,,,,,,,,,
SA,56,Phx†,9,0,2,38,54,8,3,5,1,114,452,151.7,606.8,0.8, 76 ,50.0%,,,,,,,,,,,,,,,,,,,,,,
SA,56,Tem,32,0,14,226,409,30,18,20,4,729,"2,913",596.0,"2,384.0",1.2, 919 ,-20.7%,,,,,,,,,,,,,,,,,,,,,,
SA,59,Gln,31,0,27,176,324,31,33,8,7,622,"2,489",358.3,"1,433.2",1.7, 728 ,-14.6%,,,,,,,,,,,,,,,,,,,,,,
SA,59,Phx,18,0,16,95,193,17,24,7,3,363,"1,444",427.9,"1,711.6",0.8, 416 ,-12.7%,,,,,,,,,,,,,,,,,,,,,,
SA,60,Gln,21,0,18,93,200,14,12,10,2,358,"1,429",150.5,602.0,2.4, 362 ,-1.1%,,,,,,,,,,,,,,,,,,,,,,
SA,60,Phx,50,0,52,360,697,63,40,28,7,"1,262","5,047",757.8,"3,031.3",1.7," 1,143 ",10.4%,,,,,,,,,,,,,,,,,,,,,,
SA,61,Mes,69,0,39,247,553,55,71,40,8,"1,034","4,131",869.0,"3,476.0",1.2," 1,245 ",-16.9%,,,,,,,,,,,,,,,,,,,,,,
SA,61,Phx,52,0,54,181,490,44,64,28,13,885,"3,539",880.7,"3,522.8",1.0," 1,034 ",-14.4%,,,,,,,,,,,,,,,,,,,,,,
SA,61,Tem,25,0,22,143,278,32,45,22,4,545,"2,183",430.4,"1,721.7",1.3, 692 ,-21.2%,,,,,,,,,,,,,,,,,,,,,,
SA,62,Tem,38,0,14,107,191,27,14,11,3,391,"1,561",985.2,"3,940.8",0.4, 490 ,-20.2%,,,,,,,,,,,,,,,,,,,,,,
SA,65,Tem†,5,0,5,48,85,15,8,4,1,166,659,345.2,"1,380.8",0.5, 382 ,-56.5%,,,,,,,,,,,,,,,,,,,,,,
SA,66,Chn†,1,0,1,7,17,0,1,1,0,27,104,91.0,364.0,0.3, 55 ,-50.9%,,,,,,,,,,,,,,,,,,,,,,
SA,66,GRIC,3,0,4,10,28,2,25,2,0,72,285,9.1,36.4,7.9, 70 ,2.9%,,,,,,,,,,,,,,,,,,,,,,
SA,66,Tem,25,0,7,123,249,33,10,10,3,447,"1,781",303.5,"1,214.0",1.5, 341 ,31.1%,,,,,,,,,,,,,,,,,,,,,,
SA,67,Gln,29,0,18,109,151,16,19,10,3,342,"1,369",240.9,963.6,1.4, 365 ,-6.3%,,,,,,,,,,,,,,,,,,,,,,
SA,67,Peo,5,0,5,17,26,3,1,3,0,57,222,45.3,181.1,1.3, *November 2020 ,*November 2020,,,,,,,,,,,,,,,,,,,,,,
SA,67,Phx,39,0,27,118,213,21,24,11,1,442,"1,765",539.0,"2,156.0",0.8, 499 ,-11.4%,,,,,,,,,,,,,,,,,,,,,,
SA,70,Gln,32,0,34,161,274,25,28,16,6,554,"2,213",365.7,"1,463.0",1.5, 737 ,-24.8%,,,,,,,,,,,,,,,,,,,,,,
SA,70,Phx,78,0,71,580,"1,097",151,72,54,16,"2,049","8,189","1,616.1","6,464.4",1.3," 2,688 ",-23.8%,,,,,,,,,,,,,,,,,,,,,,
SA,72,Chn†,32,0,11,106,168,20,9,15,3,346,"1,385",243.7,974.8,1.4, 186 ,86.0%,,,,,,,,,,,,,,,,,,,,,,
SA,72,PaVa,2,0,0,6,19,1,1,2,0,29,113,201.1,804.4,0.1, *November 2020 ,*November 2020,,,,,,,,,,,,,,,,,,,,,,
SA,72,Phx,11,0,4,83,70,8,3,2,1,179,716,96.2,384.8,1.9, *November 2020 ,*November 2020,,,,,,,,,,,,,,,,,,,,,,
SA,72,Sct,66,0,31,245,319,45,15,17,3,721,"2,879",833.9,"3,335.6",0.9, 925 ,-22.1%,,,,,,,,,,,,,,,,,,,,,,
SA,72,Tem,45,0,24,322,524,62,30,32,11,"1,007","4,022",819.0,"3,276.0",1.2," 1,015 ",-0.8%,,,,,,,,,,,,,,,,,,,,,,
SA,75,Phx,25,0,24,84,153,17,18,11,2,321,"1,284",632.4,"2,529.5",0.5, 389 ,-17.5%,,,,,,,,,,,,,,,,,,,,,,
SA,77,Mes†,3,0,3,12,19,2,4,2,0,43,167,86.1,344.4,0.5, 27 ,59.3%,,,,,,,,,,,,,,,,,,,,,,
SA,77,Phx,84,0,72,217,620,73,65,17,7,"1,131","4,523","1,212.6","4,850.2",0.9," 1,100 ",2.8%,,,,,,,,,,,,,,,,,,,,,,
SA,77,Tem,32,0,25,125,269,32,34,10,2,517,"2,064",383.2,"1,532.8",1.3, 473 ,9.3%,,,,,,,,,,,,,,,,,,,,,,
SA,80,Gln,5,0,7,49,91,10,12,4,1,174,695,65.4,261.6,2.7, 164 ,6.1%,,,,,,,,,,,,,,,,,,,,,,
SA,80,PaVa,1,0,0,8,7,1,1,0,0,18,68,"1,102.9","4,411.6",0.0, 21 ,-14.3%,,,,,,,,,,,,,,,,,,,,,,
SA,80,Phx,40,0,29,259,458,50,40,35,8,876,"3,501",31.7,126.8,27.6, 856 ,2.3%,,,,,,,,,,,,,,,,,,,,,,
SA,80,Sct,12,0,4,58,67,11,5,11,2,157,622,203.6,814.2,0.8, 156 ,0.6%,,,,,,,,,,,,,,,,,,,,,,
SA,81,Chn,3,0,1,13,21,2,2,1,0,42,163,76.4,305.6,0.5, 65 ,-35.4%,,,,,,,,,,,,,,,,,,,,,,
SA,81,SRPIC,2,0,1,1,4,0,2,1,0,10,32,58.9,235.8,0.2, *November 2020 ,*November 2020,,,,,,,,,,,,,,,,,,,,,,
SA,81,Sct,36,0,17,139,205,19,22,16,2,438,"1,749",675.1,"2,700.4",0.6, 365 ,20.0%,,,,,,,,,,,,,,,,,,,,,,
SA,81,Tem,40,0,24,253,409,40,20,26,5,786,"3,142",717.5,"2,870.0",1.1, 917 ,-14.3%,,,,,,,,,,,,,,,,,,,,,,
SA,83,Gln,11,0,9,56,91,8,6,6,2,181,718,133.5,534.0,1.4, 199 ,-9.0%,,,,,,,,,,,,,,,,,,,,,,
SA,83,Peo,14,0,12,37,59,6,3,4,3,131,522,207.3,829.2,0.6, 199 ,-34.2%,,,,,,,,,,,,,,,,,,,,,,
SA,83,Phx,34,0,19,118,201,19,17,14,2,408,"1,629",448.5,"1,794.0",0.9, 346 ,17.9%,,,,,,,,,,,,,,,,,,,,,,
SA,90,Gln,11,0,9,59,107,9,12,6,1,207,830,96.2,384.8,2.2, 229 ,-9.6%,,,,,,,,,,,,,,,,,,,,,,
SA,90,Phx,88,0,67,488,779,70,62,47,15,"1,554","6,211","1,339.0","5,356.0",1.2," 1,894 ",-18.0%,,,,,,,,,,,,,,,,,,,,,,
SA,96,Chn,6,0,9,43,76,10,7,7,1,151,604,238.4,953.6,0.6, 155 ,-2.6%,,,,,,,,,,,,,,,,,,,,,,
SA,96,Mes,25,0,30,211,427,42,50,30,8,785,"3,136",418.3,"1,673.2",1.9, 885 ,-11.3%,,,,,,,,,,,,,,,,,,,,,,
SA,104,Mes,8,0,9,76,162,6,19,8,2,280,"1,115",260.1,"1,040.4",1.1, 200 ,40.0%,,,,,,,,,,,,,,,,,,,,,,
SA,106,Gln,8,0,4,40,65,5,6,3,1,128,510,89.0,356.0,1.4, 172 ,-25.6%,,,,,,,,,,,,,,,,,,,,,,
SA,106,Peo,14,0,9,46,63,6,5,8,4,143,567,121.2,484.8,1.2, 182 ,-21.4%,,,,,,,,,,,,,,,,,,,,,,
SA,106,Phx,52,0,53,321,496,44,42,26,11,"1,008","4,030",712.6,"2,850.3",1.4," 1,127 ",-10.6%,,,,,,,,,,,,,,,,,,,,,,
SA,108,Chn,5,0,2,24,30,4,1,4,0,66,262,116.5,466.0,0.6, 107 ,-38.3%,,,,,,,,,,,,,,,,,,,,,,
SA,108,Gil,2,0,2,17,29,3,1,5,0,54,217,284.1,"1,136.4",0.2, 67 ,-19.4%,,,,,,,,,,,,,,,,,,,,,,
SA,108,Mes,3,0,0,11,15,4,1,2,0,34,136,38.9,155.6,0.9, 24 ,41.7%,,,,,,,,,,,,,,,,,,,,,,
SA,108,Phx,6,0,1,29,48,8,2,3,2,94,371,271.5,"1,086.0",0.3, 133 ,-29.3%,,,,,,,,,,,,,,,,,,,,,,
SA,108,Tem,5,0,2,42,61,10,2,10,2,122,484,210.1,840.4,0.6, 144 ,-15.3%,,,,,,,,,,,,,,,,,,,,,,
SA,112,Chn,33,0,22,109,294,18,21,22,2,497,"1,989",408.2,"1,632.9",1.2, 542 ,-8.3%,,,,,,,,,,,,,,,,,,,,,,
SA,112,Gil,2,0,1,11,34,3,2,1,0,53,209,48.9,195.6,1.1, 43 ,23.3%,,,,,,,,,,,,,,,,,,,,,,
SA,112,Mes,49,0,35,365,737,51,38,33,10,"1,275","5,097",414.6,"1,658.4",3.1," 1,326 ",-3.8%,,,,,,,,,,,,,,,,,,,,,,
SA,120,Mes,1,0,4,19,46,3,6,4,1,79,315,109.6,438.2,0.7, 126 ,-37.3%,,,,,,,,,,,,,,,,,,,,,,
SA,122,Gln,1,0,2,7,17,1,1,0,0,29,114,606.7,"2,426.8",0.0, *November 2020 ,*November 2020,,,,,,,,,,,,,,,,,,,,,,
SA,122,Phx,19,0,20,150,303,30,14,10,1,536,"2,140",43.2,172.8,12.4, 594 ,-9.8%,,,,,,,,,,,,,,,,,,,,,,
SA,128,Mes,9,0,15,51,92,8,4,6,6,179,708,155.3,621.3,1.2, 154 ,16.2%,,,,,,,,,,,,,,,,,,,,,,
SA,136,Chn†,2,0,1,5,8,1,0,2,0,17,69,70.7,282.8,0.2, 4 ,325.0%,,,,,,,,,,,,,,,,,,,,,,
SA,136,Gil,8,0,11,34,64,3,5,5,1,125,499,273.0,"1,092.0",0.5, 134 ,-6.7%,,,,,,,,,,,,,,,,,,,,,,
SA,136,Mes†,15,0,12,87,156,12,10,8,1,292,"1,167",403.2,"1,612.8",0.7, 168 ,73.8%,,,,,,,,,,,,,,,,,,,,,,
SA,138,Gln,7,0,3,22,31,8,5,2,0,76,297,57.7,230.8,1.3, 81 ,-6.2%,,,,,,,,,,,,,,,,,,,,,,
SA,138,Peo,4,0,3,15,20,2,3,3,1,47,187,60.7,242.8,0.8, 60 ,-21.7%,,,,,,,,,,,,,,,,,,,,,,
SA,138,Phx,43,0,36,273,371,46,40,23,12,809,"3,232",101.0,404.0,8.0, 880 ,-8.1%,,,,,,,,,,,,,,,,,,,,,,
SA,138,Sun,2,0,2,7,13,2,1,1,0,27,104,"1,263.5","5,054.0",0.0, *November 2020 ,*November 2020,,,,,,,,,,,,,,,,,,,,,,
SA,140,Chn,13,0,8,55,86,4,10,9,1,176,701,513.1,"2,052.4",0.3, 145 ,21.4%,,,,,,,,,,,,,,,,,,,,,,
SA,140,Gil†,2,0,0,4,8,0,1,1,0,15,59,54.4,217.6,0.3, 6 ,150.0%,,,,,,,,,,,,,,,,,,,,,,
SA,140,Phx,1,0,1,6,8,0,3,2,0,19,75,26.8,107.2,0.7, 17 ,11.8%,,,,,,,,,,,,,,,,,,,,,,
SA,140,Tem,1,0,0,1,3,0,0,0,0,5,21,21.8,87.2,0.2, 7 ,-28.6%,,,,,,,,,,,,,,,,,,,,,,
SA,154,Phx,78,0,34,261,365,34,29,19,4,801,"3,205","1,263.6","5,054.4",0.6, 770 ,4.0%,,,,,,,,,,,,,,,,,,,,,,
SA,154,Sct,2,0,0,13,11,2,3,1,0,31,117,55.6,222.4,0.6, 34 ,-8.8%,,,,,,,,,,,,,,,,,,,,,,
SA,156,Chn,45,0,28,101,205,17,20,20,2,416,"1,665",587.7,"2,350.8",0.7, 450 ,-7.6%,,,,,,,,,,,,,,,,,,,,,,
SA,156,Gil,8,0,4,22,33,2,7,8,1,76,302,551.1,"2,204.4",0.1, 79 , -   ,,,,,,,,,,,,,,,,,,,,,,
SA,156,Mes,2,0,2,5,7,1,2,2,1,19,72,34.7,138.6,0.5, 17 ,11.8%,,,,,,,,,,,,,,,,,,,,,,
SA,156,Phx,5,0,2,10,17,2,2,2,1,38,152,29.3,117.2,1.3, 39 ,-2.6%,,,,,,,,,,,,,,,,,,,,,,
SA,170,Gln,12,0,10,76,100,10,6,6,2,214,851,108.8,435.2,2.0, 231 ,-7.4%,,,,,,,,,,,,,,,,,,,,,,
SA,170,Phx,160,0,82,674,847,109,51,43,14,"1,923","7,688","1,226.2","4,904.8",1.6," 1,818 ",5.8%,,,,,,,,,,,,,,,,,,,,,,
SA,170,Sct,16,0,5,60,50,8,4,4,0,143,564,181.8,727.2,0.8, 227 ,-37.0%,,,,,,,,,,,,,,,,,,,,,,
SA,184,Gil,1,0,0,5,9,0,0,1,1,15,61,69.8,279.2,0.2, 15 ,0.0%,,,,,,,,,,,,,,,,,,,,,,
SA,184,Mes,7,0,13,56,85,4,6,7,3,171,680,401.4,"1,605.6",0.4, 195 ,-12.3%,,,,,,,,,,,,,,,,,,,,,,
SA,186,Gln,7,0,5,16,21,4,6,3,1,59,233,147.4,589.6,0.4, 63 ,-6.3%,,,,,,,,,,,,,,,,,,,,,,
SA,186,Phx,32,0,26,185,236,34,26,20,4,539,"2,151","1,399.8","5,599.2",0.4, 631 ,-14.6%,,,,,,,,,,,,,,,,,,,,,,
SA,Ajo/Gila Bend Connector,Rur,0,0,0,0,0,0,0,0,0,23,116,436.1,"1,744.4",0.1, 27 ,-14.8%,,,,,,,,,,,,,,,,,,,,,,
SA,ALEX,Phx,0,0,0,0,0,0,67,3,0,67,266,260.0,"1,040.0",0.3, 83 ,-19.3%,,,,,,,,,,,,,,,,,,,,,,
SA,BUZZ,Mes,0,0,0,0,0,0,198,9,5,198,791,"1,022.2","4,088.8",0.2, 250 ,-20.8%,,,,,,,,,,,,,,,,,,,,,,
SA,68th St/Camelback RD,Sct,0,0,0,0,0,0,749,154,23,749,"2,994",154.3,617.2,4.9, 582 ,28.7%,,,,,,,,,,,,,,,,,,,,,,
SA,Downtown/Old Town Trolly,Sct,0,0,0,0,0,0,327,0,1,327,"1,308",886.3,538.8,0.4, 324 ,0.9%,,,,,,,,,,,,,,,,,,,,,,
SA,EARTH,Tem,0,0,0,0,0,0,801,30,1,801,"3,204",918.8,"3,545.2",0.9, 962 ,-16.7%,,,,,,,,,,,,,,,,,,,,,,
SA,GUS,Gln,0,0,0,0,0,0,212,3,3,212,846,141.2,"3,675.2",1.5, 222 ,-4.5%,,,,,,,,,,,,,,,,,,,,,,
SA,JUPITER,Tem,0,0,0,0,0,0,884,25,6,884,"3,536",985.0,564.8,0.9, 834 ,6.0%,,,,,,,,,,,,,,,,,,,,,,
SA,MARS,Tem,0,0,0,0,0,0,714,23,2,714,"2,855",710.2,"3,940.1",1.0, 766 ,-6.8%,,,,,,,,,,,,,,,,,,,,,,
SA,MARY,Phx,0,0,0,0,0,0,403,11,4,403,"1,613",721.9,"2,840.8",0.6, 424 ,-5.0%,,,,,,,,,,,,,,,,,,,,,,
SA,MERCURY,Tem,0,0,0,0,0,0,928,15,1,928,"3,712",501.0,"2,887.6",1.9, 767 ,21.0%,,,,,,,,,,,,,,,,,,,,,,
SA,Miller/Hayden Trolley,Sct,0,0,0,0,0,0,595,18,1,595,"2,380",521.8,"2,004.0",1.1, 451 ,31.9%,,,,,,,,,,,,,,,,,,,,,,
SA,Mustang (MSTG),Sct,0,0,0,0,0,0,297,18,3,297,"1,189",134.7,"2,087.2",2.2, 289 ,26.2%,,,,,,,,,,,,,,,,,,,,,,
SA,SATURN,Tem,0,0,0,0,0,0,203,4,2,203,811,239.5,958.0,0.8, 186 ,9.1%,,,,,,,,,,,,,,,,,,,,,,
SA,SMART,Phx,0,0,0,0,0,0,344,6,5,344,"1,377",568.9,"2,275.6",0.6, 396 ,-13.1%,,,,,,,,,,,,,,,,,,,,,,
SA,VENUS,Tem,0,0,0,0,0,0,626,11,1,626,"2,502",641.0,"2,564.0",1.0, 579 ,8.1%,,,,,,,,,,,,,,,,,,,,,,
SA,ZOOM,Avo,0,0,0,0,0,0,0,4,1,220,881,"1,041.5","4,166.0",0.2, 339 ,-35.1%,,,,,,,,,,,,,,,,,,,,,,
SA,ZOOM,Gdy†,0,0,0,0,0,0,0,1,0,133,533,158.5,634.0,0.8, 18 ,638.9%,,,,,,,,,,,,,,,,,,,,,,
SA,ZOOM,Tol†,0,0,0,0,0,0,0,2,0,107,427,186.4,745.6,0.6, 70 ,52.9%,,,,,,,,,,,,,,,,,,,,,,
SA,Valley Metro Rail,Mes,122,0,165,"2,117","2,642",353,632,0,0,"6,031","24,115","1,970.6","7,882.4",3.1," 5,424 ",11.2%,,,,,,,,,,,,,,,,,,,,,,
SA,Valley Metro Rail,Phx,527,0,427,"7,065","8,331","1,911","2,132",0,0,"20,393","81,588","5,657.8","22,631.2",3.6," 22,333 ",-8.7%,,,,,,,,,,,,,,,,,,,,,,
SA,Valley Metro Rail,Tem,225,0,187,"1,837","2,268","1,171",665,0,0,"6,353","25,407","1,886.9","7,547.6",3.4," 6,619 ",-4.0%,,,,,,,,,,,,,,,,,,,,,,
SU,0,Phx,59,0,45,327,773,65,48,39,12,"1,317","6,583","1,193.3","5,966.4",1.1," 1,404 ",-6.2%,,,,,,,,,,,,,,,,,,,,,,
SU,1,Phx†,8,0,5,82,164,16,16,10,2,291,"1,457",510.3,"2,551.5",0.6, 182 ,59.9%,,,,,,,,,,,,,,,,,,,,,,
SU,1,Tem,1,0,1,6,16,1,1,0,0,26,128,26.1,130.5,1.0, *November 2020 ,*November 2020,,,,,,,,,,,,,,,,,,,,,,
SU,3,Phx,76,0,55,540,"1,045",88,59,46,9,"1,863","9,308","1,236.1","6,180.5",1.5," 2,184 ",-14.7%,,,,,,,,,,,,,,,,,,,,,,
SU,3,Tol,4,0,1,18,26,5,3,2,0,57,283,37.1,185.5,1.5, *November 2020 ,*November 2020,,,,,,,,,,,,,,,,,,,,,,
SU,7,Phx,60,0,55,439,775,79,41,50,17,"1,449","7,245","2,036.0","10,180.0",0.7," 1,566 ",-7.5%,,,,,,,,,,,,,,,,,,,,,,
SU,8,Phx,29,0,25,210,447,49,25,23,6,785,"3,929","1,213.2","6,066.0",0.6, 933 ,-15.9%,,,,,,,,,,,,,,,,,,,,,,
SU,10,Phx†,5,0,1,29,73,10,7,3,0,125,624,303.3,"1,516.6",0.4, 281 ,-55.5%,,,,,,,,,,,,,,,,,,,,,,
SU,12,Phx,28,0,20,144,263,35,31,18,3,521,"2,603",811.6,"4,058.0",0.6, 493 ,5.7%,,,,,,,,,,,,,,,,,,,,,,
SU,13,Phx,33,0,25,159,307,59,19,18,6,602,"3,003",900.4,"4,502.0",0.7, 507 ,18.7%,,,,,,,,,,,,,,,,,,,,,,
SU,15,Phx,19,0,16,115,232,18,11,9,5,411,"2,051",478.7,"2,393.5",0.9, 415 ,-1.0%,,,,,,,,,,,,,,,,,,,,,,
SU,16,Phx,72,0,54,413,726,103,36,45,18,"1,404","7,017","1,703.9","8,519.5",0.8," 1,506 ",-6.8%,,,,,,,,,,,,,,,,,,,,,,
SU,17,Phx,174,0,117,655,"1,255",139,134,61,20,"2,474","12,369","1,337.5","6,687.5",1.8," 2,447 ",1.1%,,,,,,,,,,,,,,,,,,,,,,
SU,17,Sct,12,0,6,39,53,7,8,5,1,125,622,168.7,843.5,0.7, 162 ,-22.8%,,,,,,,,,,,,,,,,,,,,,,
SU,17,Tol,11,0,5,24,40,4,8,4,0,92,460,73.3,366.5,1.3, *November 2020 ,*November 2020,,,,,,,,,,,,,,,,,,,,,,
SU,19,Phx,131,0,118,837,"1,568",160,100,84,22,"2,914","14,572","1,941.4","9,707.0",1.5," 2,893 ",0.7%,,,,,,,,,,,,,,,,,,,,,,
SU,27,Phx,96,0,83,493,841,98,58,33,8,"1,669","8,347","1,702.6","8,512.8",1.0," 1,855 ",-10.0%,,,,,,,,,,,,,,,,,,,,,,
SU,28,Phx,7,0,3,24,49,7,3,4,0,93,474,495.5,"2,477.5",0.2, 69 ,34.8%,,,,,,,,,,,,,,,,,,,,,,
SU,29,Phx,146,0,118,655,"1,380",157,103,62,19,"2,559","12,797","1,320.2","6,601.0",1.9," 2,841 ",-9.9%,,,,,,,,,,,,,,,,,,,,,,
SU,29,Sct,14,0,9,41,58,6,3,6,1,131,660,223.9,"1,119.5",0.6, 206 ,-36%,,,,,,,,,,,,,,,,,,,,,,
SU,30,Phx†,6,0,1,16,42,6,3,2,0,74,372,201.3,"1,006.5",0.4, 47 ,57.4%,,,,,,,,,,,,,,,,,,,,,,
SU,30,Tem,8,0,4,29,49,7,7,2,0,104,517,170.2,851.0,0.6, 89 ,16.9%,,,,,,,,,,,,,,,,,,,,,,
SU,32,Phx,30,0,23,233,396,43,36,18,5,761,"3,804",970.7,"4,853.5",0.8, 718 ,6.0%,,,,,,,,,,,,,,,,,,,,,,
SU,32,Tem,3,0,2,11,21,3,3,1,0,43,214,66.5,332.5,0.6, 83 ,-48.2%,,,,,,,,,,,,,,,,,,,,,,
SU,35,Phx,155,0,118,610,"1,156",93,86,81,21,"2,218","11,088","2,087.3","10,436.5",1.1," 2,422 ",-8.4%,,,,,,,,,,,,,,,,,,,,,,
SU,39,Phx,10,0,3,38,36,12,6,5,0,105,520,540.6,"2,703.0",0.2, 102 ,2.9%,,,,,,,,,,,,,,,,,,,,,,
SU,40,Mes,48,0,47,183,458,31,33,52,13,800,"4,001",881.3,"4,406.5",0.9, 952 ,-16.0%,,,,,,,,,,,,,,,,,,,,,,
SU,40,Tem†,0,0,0,2,9,1,1,2,0,13,65,30.7,153.5,0.4, 43 ,-69.8%,,,,,,,,,,,,,,,,,,,,,,
SU,41,Avo,11,0,6,33,62,8,10,6,1,130,649,39.1,195.5,3.3, *November 2020 ,*November 2020,,,,,,,,,,,,,,,,,,,,,,
SU,41,Phx,143,0,84,563,"1,136",109,117,55,15,"2,152","10,758","1,434.4","7,172.0",1.5," 2,388 ",-9.9%,,,,,,,,,,,,,,,,,,,,,,
SU,41,Sct,8,0,5,29,41,4,7,4,0,94,470,180.9,904.5,0.5, 117 ,-19.7%,,,,,,,,,,,,,,,,,,,,,,
SU,43,Gln,16,0,13,70,135,17,12,9,2,263,"1,316",185.3,926.5,1.4, *November 2020 ,*November 2020,,,,,,,,,,,,,,,,,,,,,,
SU,43,Phx,52,0,39,239,413,42,37,35,8,822,"4,110",937.1,"4,685.5",0.9," 1,065 ",-22.8%,,,,,,,,,,,,,,,,,,,,,,
SU,44,PaVa†,3,0,1,19,7,10,1,2,0,41,204,252.5,"1,262.5",0.2, 23 ,78.3%,,,,,,,,,,,,,,,,,,,,,,
SU,44,Phx,46,0,29,402,485,92,34,24,7,"1,088","5,439","1,126.6","5,633.0",1.0," 1,130 ",-3.7%,,,,,,,,,,,,,,,,,,,,,,
SU,45,Phx,18,0,13,82,259,18,22,18,5,412,"2,060",517.6,"2,588.0",0.8, 479 ,-14.0%,,,,,,,,,,,,,,,,,,,,,,
SU,45,Tem,13,0,11,67,171,17,12,11,2,291,"1,454",336.0,"1,680.0",0.9, 298 ,-2.3%,,,,,,,,,,,,,,,,,,,,,,
SU,48,Phx,1,0,1,3,13,1,3,0,0,22,104,71.9,359.5,0.3, *November 2020 ,*November 2020,,,,,,,,,,,,,,,,,,,,,,
SU,48,Tem,11,0,9,79,109,9,20,5,2,237,"1,183",624.6,"3,123.0",0.4, 223 ,6.3%,,,,,,,,,,,,,,,,,,,,,,
SU,50,Gln,6,0,5,26,51,5,3,3,1,96,483,263.3,"1,316.7",0.4, *November 2020 ,*November 2020,,,,,,,,,,,,,,,,,,,,,,
SU,50,Phx,106,0,80,576,"1,123",114,54,56,18,"2,053","10,273","1,236.3","6,181.5",1.7," 1,955 ",5.0%,,,,,,,,,,,,,,,,,,,,,,
SU,50,Sct,10,0,4,43,39,6,2,2,0,104,524,77.5,387.5,1.3, 113 ,-8.0%,,,,,,,,,,,,,,,,,,,,,,
SU,51,Gln,21,0,16,86,143,26,17,9,2,309,"1,542",487.3,"2,436.5",0.6, 320 ,-3.4%,,,,,,,,,,,,,,,,,,,,,,
SU,51,GRIC,10,0,9,26,94,7,5,3,2,151,752,261.5,"1,307.5",0.6, 148 ,2.0%,,,,,,,,,,,,,,,,,,,,,,
SU,51,Phx,50,0,34,213,421,51,48,17,6,817,"4,087",849.2,"4,246.0",1.0, 840 ,-2.7%,,,,,,,,,,,,,,,,,,,,,,
SU,52,Phx†,16,0,15,47,150,10,11,9,2,249,"1,245",620.8,"3,104.0",0.4, 162 ,53.7%,,,,,,,,,,,,,,,,,,,,,,
SU,56,Chn,0,0,0,5,3,0,0,1,0,8,47,36.2,181.2,0.2, 8 ,0.0%,,,,,,,,,,,,,,,,,,,,,,
SU,56,Gua,2,0,3,8,30,1,3,1,0,47,233,77.5,387.5,0.6, 52 ,-9.6%,,,,,,,,,,,,,,,,,,,,,,
SU,56,Phx,4,0,3,31,38,5,2,6,0,83,419,149.6,748.0,0.6, 74 ,12.2%,,,,,,,,,,,,,,,,,,,,,,
SU,56,Tem,16,0,17,152,309,20,18,19,3,532,"2,665",528.9,"2,644.5",1.0, 662 ,-19.6%,,,,,,,,,,,,,,,,,,,,,,
SU,59,Gln,32,0,22,115,217,25,13,8,5,424,"2,129",358.3,"1,791.5",1.2, 391 ,8.4%,,,,,,,,,,,,,,,,,,,,,,
SU,59,Phx,20,0,12,62,135,11,9,4,2,249,"1,243",368.2,"1,841.0",0.7, 271 ,-8.1%,,,,,,,,,,,,,,,,,,,,,,
SU,60,Gln,24,0,21,80,176,15,16,10,1,332,"1,655",150.5,752.5,2.2, 314 ,5.7%,,,,,,,,,,,,,,,,,,,,,,
SU,60,Phx,42,0,40,264,514,46,36,18,9,942,"4,712",652.1,"3,260.5",1.4, 841 ,12.0%,,,,,,,,,,,,,,,,,,,,,,
SU,61,Mes,56,0,44,205,410,34,30,34,7,779,"3,890",820.6,"4,103.0",0.9, 864 ,-9.8%,,,,,,,,,,,,,,,,,,,,,,
SU,61,Phx,47,0,43,150,376,29,38,24,8,683,"3,420",749.0,"3,745.0",0.9, 763 ,-10.5%,,,,,,,,,,,,,,,,,,,,,,
SU,61,Tem,27,0,18,104,247,28,17,16,3,441,"2,210",383.5,"1,917.5",1.1, 546 ,-19.2%,,,,,,,,,,,,,,,,,,,,,,
SU,62,Tem,24,0,12,107,176,22,10,8,4,351,"1,755",871.8,"4,359.0",0.4, 314 ,11.8%,,,,,,,,,,,,,,,,,,,,,,
SU,65,Tem,15,0,6,78,165,25,14,11,5,303,"1,514",310.7,"1,553.5",1.0, 258 ,17.4%,,,,,,,,,,,,,,,,,,,,,,
SU,66,Chn,2,0,2,9,18,2,1,2,0,34,171,81.6,408.0,0.4, 41 ,-17.1%,,,,,,,,,,,,,,,,,,,,,,
SU,66,GRIC,3,0,1,15,47,4,3,2,1,73,366,8.1,40.5,9.0, 78 ,-6.4%,,,,,,,,,,,,,,,,,,,,,,
SU,66,Tem,10,0,5,71,165,16,11,9,5,278,"1,387",273.1,"1,365.4",1.0, 246 ,13.0%,,,,,,,,,,,,,,,,,,,,,,
SU,67,Gln,17,0,11,55,101,11,8,8,1,203,"1,014",240.9,"1,204.5",0.8, 260 ,-21.9%,,,,,,,,,,,,,,,,,,,,,,
SU,67,Peo,4,0,6,9,21,1,2,3,0,43,218,45.3,226.4,0.9, *November 2020 ,*November 2020,,,,,,,,,,,,,,,,,,,,,,
SU,67,Phx,21,0,21,88,170,17,13,11,1,330,"1,650",463.8,"2,318.9",0.7, 503 ,-34.4%,,,,,,,,,,,,,,,,,,,,,,
SU,70,Gln,29,0,30,116,207,18,20,13,2,420,"2,098",365.7,"1,828.7",1.1, 515 ,-18.4%,,,,,,,,,,,,,,,,,,,,,,
SU,70,Phx,63,0,65,441,844,113,67,43,16,"1,593","7,965","1,397.4","6,987.0",1.1," 2,141 ",-25.6%,,,,,,,,,,,,,,,,,,,,,,
SU,72,Chn,8,0,7,42,61,9,5,5,0,132,664,209.7,"1,048.4",0.6, 122 ,8.2%,,,,,,,,,,,,,,,,,,,,,,
SU,72,PaVa,0,0,1,7,12,1,0,1,0,21,108,179.3,896.6,0.1, *November 2020 ,*November 2020,,,,,,,,,,,,,,,,,,,,,,
SU,72,Phx,14,0,3,66,53,7,6,2,1,149,746,86.4,432.0,1.7, *November 2020 ,*November 2020,,,,,,,,,,,,,,,,,,,,,,
SU,72,Sct,61,0,17,199,251,37,25,11,1,590,"2,948",771.5,"3,857.5",0.8, 701 ,-15.8%,,,,,,,,,,,,,,,,,,,,,,
SU,72,Tem,51,0,30,257,456,46,32,28,6,872,"4,365",738.8,"3,694.0",1.2, 798 ,9.3%,,,,,,,,,,,,,,,,,,,,,,
SU,75,Phx,14,0,12,58,107,9,14,7,1,214,"1,067",544.1,"2,720.7",0.4, 314 ,-31.8%,,,,,,,,,,,,,,,,,,,,,,
SU,77,Mes,1,0,1,6,12,1,2,1,0,23,114,86.1,430.5,0.3, *November 2020 ,*November 2020,,,,,,,,,,,,,,,,,,,,,,
SU,77,Phx,57,0,50,158,451,60,87,16,7,863,"4,312","1,045.3","5,226.5",0.8, 755 ,14.3%,,,,,,,,,,,,,,,,,,,,,,
SU,77,Tem,23,0,18,78,201,26,43,9,3,389,"1,942",343.7,"1,718.5",1.1, 347 ,12.1%,,,,,,,,,,,,,,,,,,,,,,
SU,80,Gln,6,0,7,38,72,8,4,5,1,135,673,65.4,327.0,2.1, 147 ,-8.2%,,,,,,,,,,,,,,,,,,,,,,
SU,80,PaVa,0,0,0,6,6,1,0,0,0,13,70,950.3,"4,751.4",0.0, 15 ,-13.3%,,,,,,,,,,,,,,,,,,,,,,
SU,80,Phx,29,0,34,206,354,43,20,27,9,686,"3,432",27.3,136.5,25.1, 696 ,-1.4%,,,,,,,,,,,,,,,,,,,,,,
SU,80,Sct,7,0,2,50,58,7,3,9,2,127,638,203.6,"1,017.8",0.6, 156 ,-18.6%,,,,,,,,,,,,,,,,,,,,,,
SU,81,SRPIC,0,0,0,0,1,0,1,0,0,2,16,58.9,294.7,0.0, *November 2020 ,*November 2020,,,,,,,,,,,,,,,,,,,,,,
SU,81,Sct,21,0,12,81,105,9,5,14,2,233,"1,164",665.2,"3,326.0",0.4, 314 ,-25.8%,,,,,,,,,,,,,,,,,,,,,,
SU,81,Tem,33,0,24,188,304,36,14,24,3,599,"2,989",654.1,"3,270.6",0.9, 682 ,-12.2%,,,,,,,,,,,,,,,,,,,,,,
SU,83,Gln,9,0,12,43,76,8,6,6,2,154,765,133.5,667.5,1.2, 112 ,37.5%,,,,,,,,,,,,,,,,,,,,,,
SU,83,Peo,7,0,6,26,41,4,5,4,2,89,441,207.3,"1,036.5",0.4, 107 ,-16.8%,,,,,,,,,,,,,,,,,,,,,,
SU,83,Phx,20,0,17,84,146,14,13,11,1,294,"1,474",386.1,"1,930.5",0.8, 255 ,15.3%,,,,,,,,,,,,,,,,,,,,,,
SU,90,Gln,7,0,9,35,69,10,6,3,0,136,681,96.2,481.0,1.4, 148 ,-8.1%,,,,,,,,,,,,,,,,,,,,,,
SU,90,Phx,68,0,58,384,579,51,52,28,7,"1,192","5,969","1,168.6","5,843.0",1.0," 1,306 ",-8.7%,,,,,,,,,,,,,,,,,,,,,,
SU,96,Mes,20,0,22,151,314,30,27,16,4,564,"2,820",335.1,"1,675.5",1.7, 547 ,3.1%,,,,,,,,,,,,,,,,,,,,,,
SU,104,Mes,5,0,5,48,86,4,8,3,0,156,781,260.1,"1,300.6",0.6, *November 2020 ,*November 2020,,,,,,,,,,,,,,,,,,,,,,
SU,106,Gln,6,0,4,24,44,2,5,3,0,85,422,83.1,415.4,1.0, 94 ,-9.6%,,,,,,,,,,,,,,,,,,,,,,
SU,106,Phx,48,0,30,239,354,35,35,20,7,741,"3,706",613.2,"3,066.0",1.2, 678 ,9.3%,,,,,,,,,,,,,,,,,,,,,,
SU,108,Chn,1,0,0,11,22,2,1,2,0,37,191,108.1,540.5,0.3, 55 ,-32.7%,,,,,,,,,,,,,,,,,,,,,,
SU,108,Gil,5,0,1,12,28,1,3,2,0,50,252,263.8,"1,319.0",0.2, 49 ,2.0%,,,,,,,,,,,,,,,,,,,,,,
SU,108,Mes,2,0,1,5,8,1,1,1,0,18,83,36.1,180.5,0.5, 23 ,-21.7%,,,,,,,,,,,,,,,,,,,,,,
SU,108,Phx,5,0,4,19,31,4,4,2,0,67,338,260.8,"1,304.0",0.3, 73 ,-8.2%,,,,,,,,,,,,,,,,,,,,,,
SU,108,Tem,4,0,2,25,50,6,3,5,0,90,452,190.4,952.0,0.5, 105 ,-14.3%,,,,,,,,,,,,,,,,,,,,,,
SU,112,Chn,21,0,21,76,188,12,11,17,1,329,"1,648",334.0,"1,670.0",1.0, 347 ,-5.2%,,,,,,,,,,,,,,,,,,,,,,
SU,112,Gil,1,0,0,9,18,2,1,1,0,31,158,41.2,206.0,0.8, 36 ,-13.9%,,,,,,,,,,,,,,,,,,,,,,
SU,112,Mes,28,0,31,230,486,33,21,32,4,829,"4,144",338.0,"1,690.0",2.5, 885 ,-6.3%,,,,,,,,,,,,,,,,,,,,,,
SU,122,Phx,13,0,15,144,244,22,18,13,4,456,"2,280",559.2,"2,796.0",0.8, 412 ,10.7%,,,,,,,,,,,,,,,,,,,,,,
SU,136,Mes,8,0,6,54,104,10,9,11,1,191,957,436.9,"2,184.5",0.4, *November 2020 ,*November 2020,,,,,,,,,,,,,,,,,,,,,,
SU,138,Gln,4,0,2,20,24,4,2,2,1,56,281,57.7,288.5,1.0, 62 ,-9.7%,,,,,,,,,,,,,,,,,,,,,,
SU,138,Peo,3,0,2,12,20,2,3,1,0,42,212,60.7,303.5,0.7, 58 ,-27.6%,,,,,,,,,,,,,,,,,,,,,,
SU,138,Phx,33,0,29,212,292,43,31,14,7,640,"3,197",101.0,505.0,6.3, 661 ,-3.2%,,,,,,,,,,,,,,,,,,,,,,
SU,138,Sun,2,0,1,6,11,2,2,2,0,24,120,"1,090.2","5,451.0",0.0, *November 2020 ,*November 2020,,,,,,,,,,,,,,,,,,,,,,
SU,154,Phx,73,0,33,207,322,29,19,13,1,683,"3,416","1,088.1","5,440.5",0.6, 624 ,9.5%,,,,,,,,,,,,,,,,,,,,,,
SU,154,Sct,1,0,0,9,7,1,1,0,0,19,94,55.6,278.0,0.3, 31 ,-38.7%,,,,,,,,,,,,,,,,,,,,,,
SU,156,Chn,28,0,22,73,157,12,8,16,2,300,"1,498",493.5,"2,467.5",0.6, 312 ,-3.8%,,,,,,,,,,,,,,,,,,,,,,
SU,156,Gil,6,0,3,12,20,1,1,4,0,43,212,460.9,"2,304.5",0.1, 43 ,0.0%,,,,,,,,,,,,,,,,,,,,,,
SU,156,Mes,2,0,1,2,6,0,1,0,0,12,57,28.9,144.5,0.4, 10 ,20.0%,,,,,,,,,,,,,,,,,,,,,,
SU,156,Phx,4,0,2,5,11,0,0,1,0,22,111,24.3,121.6,0.9, 31 ,-29.0%,,,,,,,,,,,,,,,,,,,,,,
SU,170,Gln,9,0,8,53,76,6,11,2,1,163,815,108.8,544.0,1.5, 172 ,-5.2%,,,,,,,,,,,,,,,,,,,,,,
SU,170,Phx,130,0,59,467,584,78,48,24,7,"1,366","6,829","1,057.7","5,288.5",1.3," 1,412 ",-3.3%,,,,,,,,,,,,,,,,,,,,,,
SU,170,Sct,12,0,4,45,38,6,5,4,0,110,552,181.8,909.0,0.6, 80 ,37.5%,,,,,,,,,,,,,,,,,,,,,,
SU,184,Gil†,1,0,1,3,3,0,1,1,0,9,45,69.8,349.0,0.1, 6 ,50.0%,,,,,,,,,,,,,,,,,,,,,,
SU,184,Mes,9,0,6,36,72,3,5,11,3,131,650,401.4,"2,007.0",0.3, 115 ,13.9%,,,,,,,,,,,,,,,,,,,,,,
SU,186,Gln†,5,0,2,16,21,4,2,4,0,50,248,147.4,737.0,0.3, 31 ,61.3%,,,,,,,,,,,,,,,,,,,,,,
SU,186,Phx,27,0,20,144,184,22,17,22, 1 ,414,"2,074","1,204.5","6,022.5",0.3, 417 ,-0.7%,,,,,,,,,,,,,,,,,,,,,,
SU,ALEX,Phx,0,0,0,0,0,0,72,2,1,72,359,260.0,"1,300.0",0.3, 57 ,26.3%,,,,,,,,,,,,,,,,,,,,,,
SU,68th St/Camelback RD,Sct,0,0,0,0,0,0,589,15,2,589,"2,356","1,022.2","4,088.8",0.6, 445 ,32.4%,,,,,,,,,,,,,,,,,,,,,,
SU,Downtown/Old Town Trolly,Sct,0,0,0,0,0,0,253,0,0,253,"1,013",134.7,538.8,1.9, 209 ,21.1%,,,,,,,,,,,,,,,,,,,,,,
SU,EARTH,Tem,0,0,0,0,0,0,375,15,1,375,"1,874",886.3,"4,431.5",0.4, 374 ,0.3%,,,,,,,,,,,,,,,,,,,,,,
SU,GUS,Gln,0,0,0,0,0,0,132,3,3,132,658,374.0,"1,496.0",0.4, 218 ,-39.4%,,,,,,,,,,,,,,,,,,,,,,
SU,JUPITER,Tem,0,0,0,0,0,0,452,12,2,452,"2,260",122.7,613.5,3.7, 472 ,-4.2%,,,,,,,,,,,,,,,,,,,,,,
SU,MARS,Tem,0,0,0,0,0,0,331,9,0,331,"1,657",985.0,"4,925.1",0.3, 346 ,-4.3%,,,,,,,,,,,,,,,,,,,,,,
SU,MARY,Phx,0,0,0,0,0,0,253,8,3,253,"1,265",289.1,"1,445.5",0.9, 239 ,5.9%,,,,,,,,,,,,,,,,,,,,,,
SU,MERCURY,Tem,0,0,0,0,0,0,359,5,1,359,"1,797",293.8,"1,469.0",1.2, 337 ,6.5%,,,,,,,,,,,,,,,,,,,,,,
SU,Miller/Hayden Trolley,Sct,0,0,0,0,0,0,373,16,2,373,"1,492",501.0,"2,004.0",0.7, 285 ,30.9%,,,,,,,,,,,,,,,,,,,,,,
SU,Mustang (MSTG),Sct,0,0,0,0,0,0,231,12,5,231,924,134.7,538.8,1.7, 183 ,26.2%,,,,,,,,,,,,,,,,,,,,,,
SU,SATURN,Tem,0,0,0,0,0,0,163,7,1,163,815,239.5,"1,197.5",0.7, 139 ,17.3%,,,,,,,,,,,,,,,,,,,,,,
SU,SMART,Phx,0,0,0,0,0,0,397,5,10,397,"1,986",484.7,"2,423.5",0.8, 276 ,43.8%,,,,,,,,,,,,,,,,,,,,,,
SU,VENUS,Tem,0,0,0,0,0,0,281,6,1,281,"1,407",263.3,"1,316.5",1.1, 283 ,-0.7%,,,,,,,,,,,,,,,,,,,,,,
SU,ZOOM,Avo,0,0,0,0,0,0,0,1,1,144,722,"1,041.5","5,207.5",0.1, *April 2020 , *Apr 2020 ,,,,,,,,,,,,,,,,,,,,,,
SU,ZOOM,Gdy,0,0,0,0,0,0,0,1,0,89,446,158.5,792.5,0.6, *April 2020 , *Apr 2020 ,,,,,,,,,,,,,,,,,,,,,,
SU,ZOOM,Tol,0,0,0,0,0,0,0,0,0,67,334,186.4,932.0,0.4, *April 2020 , *Apr 2020 ,,,,,,,,,,,,,,,,,,,,,,
SU,Valley Metro Rail,Mes,106,0,144,1854,2313,309,553,0,0,"5,279","26,395","1,435.1","7,175.5",3.7," 4,407 ",19.8%,,,,,,,,,,,,,,,,,,,,,,
SU,Valley Metro Rail,Phx,445,0,361,5974,7045,1616,1808,0,0,"17,249","86,242","4,120.3","20,601.5",4.2," 17,810 ",-3.1%,,,,,,,,,,,,,,,,,,,,,,
SU,Valley Metro Rail,Tem,187,0,156,1529,1888,975,554,0,0,"5,289","26,446","1,374.1","6,870.5",3.8," 5,332 ",-0.8%,,,,,,,,,,,,,,,,,,,,,,
,,,,,,,,,,,,,,,,,,,,,,,,,,,,,,,,,,,,,,,,
,,," 16,872 ", 100 ," 13,828 "," 111,203 "," 182,901 "," 30,502 "," 47,632 "," 7,775 "," 2,122 "," 404,599 "," 5,318,767 "," 286,571.7 "," 3,407,533.7 ",1.4,,,,,,,,,,,,,,,,,,,,,,,,
,,,,,,,,,,,,,,,,,,,,,,,,,,,,,,,,,,,,,,,,
†The recent conversion of ridership tracking hardware has created significant error in ridership attribution for certain routes. Jurisdictional attribution may not be reliable for marked routes.,,,,,,,,,,,,,,,,,,,,,,,,,,,,,,,,,,,,,,,,
